505f6c;SQF1521
505f6d;SQF1931,SQF103,SQF104,SQF011,SQF101,SQF102,SQF012,SQF107,SQF021,SPRTN31
498494;BASIC13,BASIC17,BASIC25,BASIC11,CEF850
45f422;DAF9902,DAF1851,DAF1857
498426;CEF215,CEF219,CEF05B,CEF05T,CEF05E,CEF224,CEF225,CEF228,CEF229,CEF08,CEF05D,CEF230,CEF233,TSHRT21,TSHRT31,TSHRT22
49848d;ROSE23,HIPPO71,HIPPO24,HIPPO25,HIPPO23,HIPPO26,HIPPO72,HIPPO34,HIPPO22,HIPPO21,HIPPO27,HIPPO73,ROSE 29,ROSE21,HIPO12,ROSE25,CEF406,CEF407,HIPPO75,HIPPO29,ROSE 21,HIPPO74,HIPO75,HIPP074,HIPP028,HIPP071,HIPP026,HIPPO11,HIPPO12,HIPPO19,HIPPO13
adfeae;RCH887,RCH830,RCH687
ae10b7;RCH170,RCH107,RCH453,RCH811,RCH858,RCH801,RCH809,BNDGE10,RCH852,RCH820,RCH822,RCH831,RCH815,RCH805,RCH866,RCH836
498446;GRZL11,GRZL13,GRZL41,GRZL42,GRZL21,GRZL32,GRZL33,GRZL51,CEF05E,GRZL52,GRZL12,GRZL22,2312,OBLET01,GRZL61,GRZL31,GRZL43
ae04eb;RCH896,RCH149,RCH437
498488;CEF624,CEF646,SMGLR41,SMGLR32,SMGLR21,SMGLR11,CEF656,CEF657,CEF679,CEF6020,JGS04,SMGLR31,SMGLR33,CEF6019,SMGLR42,CEF6021,CEF6028,CEF6042,CEF6055,CEF601C,CEF6053,CEF6061,SMGLR22,SMGLR43,SMGLR51,SMGLR52,CEF6082,JGS01,CEF611,JGS02,CEF618,CEF623
ae1450;RCH272
ae13d1;PAT44,PAT78
ae2fab;RCH891
ae010e;SAM326
ae1453;RCH416,RCH797,RCH161,RCH591,RCH438,RCH044,RCH858,RCH519,RCH393,RCH798
ae055c;RCH815,RCH809,RCH880,RCH804,RCH845,RCH870,RCH839
ae4d66;RCH831,RCH1815,RCH993,RCH452,RCH303,RCH329,RCH4569,RCH330,RCH250,RCH570,RCH553,RCH715
ae0812;RCH400,RCH806,RCH805,RCH866,RCH624,RCH832,RCH854,RCH850,RCH825,RCH860,RCH990,RCH803,RCH853,RCH897,RCH840,RCH257,RCH625
49d0cd;OKALF
ae2208;HKY703,HKY160,HKY790,HKY747,HKY777,HKY769,HKY130,HKY611
ae07a9;RCH420,RCH808,RCH415,RCH425,BART21,BART20,BART25,
498431;CF01,SILVO01,SILUO11,MDEN11,MDEN21,MDEN43,MDEN61,CEF331,CF02,MDEN25
498429;CF01,CEF330,CEF331,CF02,MDEN41
ae07da;RCH810,RCH872
ae0579;RCH801,RCH696,RCH892,RCH272,RCH817,RCH800
498496;BASIC15,BASIC41,BASIC23,BASIC11,BASIC31,BASIC17,BASIC13,BASIC25,CEF853,CEF850,BASIC21
ae07e6;RCH165,RCH898,RCH845
505f69;SQF104
43c208;RRR6700,RRR6701,RRR6628,RRR6629,RRR6682,RRR6434,RRR6435,RRR6441,RRR6456,RRR6710,RRR6711,RRR6680,RRR6681,RRR6693,RRR6380,RRR6381,RRR6704,RRR6676,RRR6422,RRR6736,RRR6696,RRR6358,RRR6648,RRR6372
ae0424;RCH823,LAGR718
498486;SMGLR21,SMGLR31,CEF640,SMGLR51,CEF643,ALLIED 1,CEF6009,CEF668,JGS03,CEF6022,SMGLR71,SMGLR72,SMGLR11,SMGLR73
ae49c8;RCH136,RCH835,RCH814,RCH865,RCH871,RCH861,RCH131,RCH836,RCH809,RCH805,RCH328,RCH137,RCH407,RCH558,RCH850
43c173;RRR6809,RRR6345,RRR6628,RRR6629,RRR6650,RRR6651,RRR6676,RRR6644,RRR6658,RRR6342,RRR6343,RRR6680,RRR6770
ae10bf;RCH829,RCH878,RCH890,RCH876,BNDGE05,RCH800,RCH826,RCH814,RCH255,RCH855
000001;OK2141,RRR2300,LYBBW,SURGE81,633817,734125,734009,834329,734172,OKYAI24
477ff3;BARTK98,BARTK50,BARTK53,BARTK71,BARTK13,BARTK29,BARTK51,BARTK20,BARTK10,BARTK48,BARTK33,BARTK67,BARTK57,BARTK94,BRK30,BRK34,BRK28,BRK72,BRK73,BRK06,BRK36,BRK55,BRK83,BRK32,BRK52,BRK56,BRK03,BRK04,BRK20,BRK21,BRK22,BRK89,BRK10,BRK31,BRK11,BRK57,BRK70,BRK51,BRK59,BRK60,BRK69,BRK40,BRK80,BRK41,BRK01,BRK39,BRK79
43c5e1;RRR4500,RRR4515,RRR4944,RRR4941,RRR4119,RRR4505,RRR4946,RRR4980,RRR4981
ae10bb;RCH557,RCH435,RCH824,RCH641,RCH856,RCH850,BNDGE10,RCH917,RCH893,RCH552,RCH855,RCH817,RCH839,RCH825,RCH809,RCH818,RCH833,RCH812,RCH801,RCH418,RCH815,RCH867,RCH347,RCH837,RCH795,RCH3273
ae0565;RCH887,RCH695,RCH841,RCH670,RCH429,RCH160,RCH864,RCH851,RCH815,RCH808,RCH879,RCH836,RCH862,RCH555,RCH856,RCH571
ae2fa2;RCH330,RCH899,RCH806,RCH214,RCH815,RCH804,RCH846,RCH4616,RCH805,RCH802,RCH850,RCH897
43c6f8;RRR2331,RRR2300,RRR2301,RRR2302,RRR2303,RRR2154,RRR2155,RRR2846,RRR2847,RRR2870,RRR2871,RRR2882,RRR2883,RRR2304,RRR2305,RRR2778,RRR2100,RRR2101,RRR2108,RRR2109,RRR2718,RRR2719,RRR2748,RRR2749,RRR2140,RRR2118,RRR2119
43c5da;RRR4941,RRR4525,RRR4038,RRR4039,RRR4940,RRR4943,RRR4944,RRR4945
ae123a;RCH827,RCH996,RCH381,RCH807,RCH891,RCH696,RCH883,RCH818,RCH806,RCH795,RCH418,RCH124,RCH424,RCH844,RCH145,RCH600,RCH162
43c171;RRR6807,RRR6704,RRR6605,RRR6370,RRR6371,RRR6374,RRR6603,RRR6628,RRR6629,RRR6600,RRR6601,RRR6394,RRR6457,RRR6606,RRR6607,RRR6734,RRR6731,RRR6714,RRR6715,RRR6717,RRR6719,RRR6721,RRR6440,RRR6441,RRR6442,RRR6443
473c0f;HUAF818
477ff4;HUAF244,HUAF242,HUAF608,HUAF259,HUAF269,HUAF265,CAMEL64,HUAF299,HUAF297,HUAF308,HUAF312,HUAF317,HUAF316,HUAF318,HUAF324,HUAF332,HUAF339,HUAF370,HUAF372,HUAF377,HUAF385,HUAF392,HUAF402,HUAF393,HUAF403,HUAF709,HUAF409,HUAF411,HUAF412,HUAF713,HUAF413,HUAF428,HUAF430,HUAF432,HUAF728,HUAF447,HUAF439,HUAF440,HUAF450,HUAF449,HUAF457,HUAF458,HUAF468,HUAF467,HUAF476,HUAF477,HUAF487,HUAF489,HUAF488,HUAF491,HUAF492,HUAF133,HUAF134,HUAF163,HUAF168,HUAF174,HUAF183,HUAF186,HUAF189,HUAF190,HUAF200,HUAF195,HUAF218,HUAF197,HUAF229,HUAF226,HUAF215,HUAF225,HUAF233,HUAF245,HUAF246,HUAF250,HUAF252,HUAF260,HUAF278,HUAF287,HUAF295,HUAF300,HUAF303,HUAF305,HUAF304,HUAF314,HUAF292,HUAF310,HUAF293,HUAF319,HUAF325,HUAF326,HUAF330,HUAF331,HUAF333,HUAF335,HUAF344,HUAF356,HUAF343,HUAF350,HUAF362,HUAF367,HUAF375,HUAF382,HUAF384,HUAF391,HUAF387,HUAF390,HUAF394,HUAF423,HUAF420,HUAF696,HUAF421,HUAF448,HUAF462,HUAF464,HUAF102,HUAF105,HUAF115,HUAF120,HUAF121,HUAF129,HUAF126,HUAF132
43c6fa;RRR2301,RRR2300,RRR2302,RRR2303,RRR2304,RRR2305,RRR2770,RRR2771,RRR2310,RRR2321,RRR2824,RRR2878,RRR2879,RRR2608,RRR2627,RRR2326,RRR2327,RRR2113
477ff2;BARTK34,BARTK94,BARTK24,BARTK55,BARTK50,BARTK56,BARTK93,BARTK98,BARTK80,BARTK77,BARTK91,BARTK89,BARTK19,BARTK15,BARTK20,BRTK31,BARTK31,BARTK49,BARTK11,BARTK28,BARTK43,BARTK29,BRK20,BRK21,BRK98,BRK46,BRK76,BRK61,BRK67,BRK19,BRK50,BRK75,BRK78,BRK79,BRK89,BRK17,BRK12,BRK56,BRK25,BRK26,BRK15,BRK40,BRK41,BRK91,BRK96,BRK11,BRK88,BRK71,BRK30,BRK72,BRK47,BRK51,BRK49,BRK68,BRK43,BRK62,BRK58,BRK63,BRK38
484363;P4RRR
ae0577;RCH848
498421;CEF05B,CEF538W,CEF539W,CEF638,CEF546W,CEF550,CEF566,CEF551,CEF02,CEF08,CEF564,CEF560,CEF05C,DPHIN31,CEF556,CEF582W,CEF584W,CEF579W,CEF580,CEF574,CEF590,DPHIN61,DPHIN62,DPHIN71,DPHIN72,CEF591,CEF575,CEF599,CEF5001,CEF05F,CEF5014,DPHIN41,CEF6016,CEF5022,CEF5016,CEF5020,CEF5024,CEF6021,CEF5027,DPHIN51,CEF5032,CEF5033,CEF501,CEF506,CEF505,CEF516,DPHIN42,CEF517,CEF05J,CEF531,CEF03,CEF537,CEF04,CEF542,CEF544,CEF545,CEF547,CEF552,CEF05E,CEF562,CEF563,CEF567,CEF05A,CEF568,CEF570,CEF571,CEF565,CEF577,CEF578,DPHIN21,DPHIN22,CEF584,CEF6013,CEF6014,CEF585,CEF581W,CEF583,DPHIN52,CEF594,CEF596,CEF598,CEF05D,CEF05H,CEF08A,CEF5003,CEF5009,CEF05N,CEF5008,CEF3153,CEF502,CEF503
477ff6;HUAF591,HUAF602,HUAF595,HUAF630,HUAF631,HUAF628,HUAF627,HUAF636,HUAF638,HUAF641,HUAF648,HUAF652,HUAF662,HUAF668,HUAF682,HUAF669,HUAF670,HUAF673,HUAF678,HUAF679,HUAF677,HUAF680,HUAF688,HUAF660,HUAF696,HUAF698,HUAF701,HUAF704,HUAF705,HUAF710,HUAF408,HUAF711,HUAF717,HUAF720,HUAF719,HUAF724,HUAF723,HUAF745,HUAF759,HUAF505,HUAF104,HUAF516,HUAF529,HUAF164,HUAF545,HUAF539,HUAF561,HUAF558,HUAF567,HUAF569,HUAF543,HUAF575,HUAF579,HUAF593,HUAF599,HUAF608,HUAF600,HUAF596,HUAF609,HUAF614,HUAF629,HUAF674,HUAF684,HUAF681,HUAF676,HUAF690,HUAF685,HUAF407,HUAF691,HUAF692,HUAF693,HUAF694,HUAF695,HUAF606,HUAF707,HUAF709,HUAF718,HUAF728,HUAF729,HUAF730,HUAF503,HUAF507,HUAF508,HUAF509,HUAF512,HUAF521,HUAF522,HUAF525,HUAF526,HUAF532,HUAF531
ae07ef;RCH190,RCH535,RCH841,RCH864,RCH855,RCH854,RCH680,RCH172,RCH197,RCH897,RCH875,RCH817,RCH891,RCH856,RCH822,RCH801,RCH804,RCH811,RCH807,RCH820,RCH818
477ff7;HUAF589,HUAF594,HUAF603,HUAF596,HUAF601,HUAF610,HUAF609,HUAF254,HUAF611,HUAF616,HUAF621,HUAF612,HUAF618,HUAF622,HUAF623,HUAF624,HUAF625,HUAF629,HUAF632,HUAF634,HUAF639,HUAF640,HUAF643,HUAF647,HUAF649,HUAF656,HUAF658,HUAF659,HUAF681,HUAF671,HUAF684,HUAF675,HUAF686,HUAF695,HUAF685,HUAF697,HUAF730,HUAF734,HUAF733,HUAF735,HUAF777,HUAF739,HUAF751,HUAF756,HUAF752,HUAF757,HUAF761,HUAF762,HUAF501,HUAF504,HUAF513,HUAF508,HUAF503,HUAF515,HUAF520,HUAF531,HUAF536,HUAF528,HUAF547,HUAF533,HUAF535,HUAF534,HUAF552,HUAF554,HUAF557,HUAF607,HUAF565,HUAF542,HUAF570,HUAF571,HUAF574,HUAF578,HUAF588,HUAF597,HUAF598,HUAF619,HUAF620,HUAF615,HUAF627,HUAF630,HUAF636,HUAF637,HUAF642,HUAF644,HUAF648,HUAF654,HUAF657,HUAF664,HUAF663,HUAF670,HUAF668,HUAF672,HUAF699,HUAF704,HUAF712,HUAF717,HUAF721,HUAF726,HUAF731,HUAF506,HUAF505,HUAF524,HUAF517
ae0658;RCH816
477ff1;BARTK75,BARTK18,BARTK76,BARTK19,BARTK15,BARTK74,BARTK43,BARTK84,BARTK82,BARTK45,BRTK98,BARTK16,BARTK63,BARTK33,BARTK98,BARTK68,BARTK22,BRK22,BRK60,BRK61,BRK40,BRK19,BRK39,BRK31,BRK32,BRK25,BRK27,BRK29,BRK93,BRK65,BRK70,BRK98,BRK16,BRK91,BRK34,BRK18,BRK35,BRK26,BRK81,BRK82,BRK43,BRK94,BRK57,BRK80,BRK90,BRK74,BRK54,BRK01,BRK13,BRK013,BRK24,BRK97,BRK50,BRK67,BRK71,BRK59,BRK02
447d01;ASF01,ASFMED1,JGP11
ae5c99;RCH452,XXX
ae0696;RCH600,RCH865
ae055f;RCH824,RCH819,RCH550,RCH325,RCH159,RCH867
ae4bde;RCH221,RCH410,RCH100
ae4e08;RCH325,RCH557
49848b;HIPPO71,HIPPO22,HIPO21,HIPPO35,HIPPO01,HIPO25,HIPO24,CEF 413,HIPPO21,HIPPO26,HIPO71,HIPPO72,HIPPO23,HIPPO27,HIPO22,HIPO23,ROSE38,HIPPO25
ae020d;RCH880,RCH890
498447;CABBY12,CABBY41,CEF111,CABBY51,CABBY52,CEF110,CABBY21,CABBY22,CEF08,CEF05C,CABBY31,CABBY32,CEF119,CEF05J,CABBY13,CABBY11,CEF05D,CABB41,CEF128,CABBY42,CEF141,CEF142
ae1170;RCH100,RCH845,RCH144,RCH820,RCH899,RCH554,RCH796,RCH839,RCH395,RCH143,RCH311,RCH146,RCH222,BNDGE20,RCH297,RCH4146,RCH356,RCH415,RCH604
ae119b;RCH800,RCH102,RCH4578,RCH508,RCH819,RCH810,RCH857,RCH154,RCH898,RCH895
ae04a3;RCH837,RCH872
43c1c6;RRR6628,RRR6702,RRR6705,RRR6602,RRR6603,RRR6600,RRR6601,RRR6664,RRR6450,RRR6451,RRR6482,RRR6483,RRR6706,RRR6707,RRR6715,RRR6629,RRR6356,RRR6357,RRR6648,RRR6649,RRR6438,RRR6439,RRR6789,RRR6752,RRR6753,RRR6607,RRR6896,RRR6897,RRR6657,RRR6680,RRR6681,RRR6642,RRR6643,RRR6486
ae04a2;RCH842,RCH861
3b77dd;FAF902
505f6b;SQF2901,SQF041,SQF290B,SQF106,SQF1L,SQF10L,SQF102,SQF103,SQF104,SQF011,SQF01B,SQF11,SQF101,SQF012,SQF01D,SQBD12,SQF021,SQ21,SQF108,SQF013,SQF0BB
49d46b;OKNAT
adfeac;RCH924
43c09a;
ae07fd;RCH890,RCH171,RCH546,RCH853,RCH417,RCH837,RCH437,RCH331,RCH789
ae0814;RCH688,RCH671,RCH802,RCH682,RCH893,RCH847,RCH822,RCH645,RCH102,RCH943,RCH833,RCH830,RCH843,RCH407,RCH825,RCH230
43c174;RRR6629,RRR6410,RRR6411,RRR6600,RRR6603,RRR6406,RRR6449,RRR6628,RRR6678,RRR6679,RRR6688,RRR6422,RRR6423,RRR6747,RRR6692,RRR6402,RRR6403,RRR6407,RRR6700,RRR6701,RRR6660,RRR6661,RRR6702,RRR6664,RRR6665,RRR6717,RRR6412,RRR6413,RRR6432,RRR6433,RRR6435,RRR6686,RRR6687,RRR6704,RRR6705
ae145b;RCH618,RCH827,RCH865,RCH832,RCH894,RCH889,RCH609,RCH607,RCH317,RCH805,RCH563,RCH562
ae4f15;RCH846,RCH873,RCH1821,RCH553,RCH812,RCH257,RCH4557,RCH783,RCH335,RCH844
ae0429;
ae5c97;HKY799,HKY130,HKY741,HKY93,HKY752,HKY619,E10E2,HKY706,HKY775,LION457,HKY610
ae0691;RCH840,RCH345
3f4f0f;GAFMED2,GAF197,GAF629,GAF635,GAF111
ae4af0;RCH140,RCH437,RCH301
4b7f4c;SUI005,SUI004,SUI025,SUI582,SUI011,SUI039,SUI003
ae04cb;RCH855,RCH118
ae0560;RCH410,RCH151,RCH958,RCH104,RCH862,RCH810,RCH820,RCH826,RCH818
ae4e0e;RCH142,RCH435,RCH462,RCH417
ae61fd;RCH555,HKY123,HKY109,HKY125,HKY165,HKY634,RCH324
43c09c;RRR7305
ae10ba;RCH803,RCH855,RCH899,RCH860,RCH828,RCH674,RCH689,RCH825,RCH600,RCH390,RCH160,RCH887,RCH4130,RCH824,RCH822,RCH131,RCH589
ae20c7;RCH441,RCH837,RCH605,RCH845,RCH191,RCH559,RCH1815,RCH924,RCH323,RCH540,RCH552,RCH331,RCH4563,RCH891,RCH562,RCH4553,RCH866
4d03c9;NATO01,NATO07,NATO40,NATO11,NATO06,NATO02,NATO25
ae0817;RCH921,RCH847,RCH810,RCH814,RCH834,RCH549,RCH877,RCH849,RCH830,RCH879,RCH801,RCH899,RCH883,RCH800,BNDGE50
ae0390;QID691,LAGR395,LAGR604,LAGR672,LAGR730,LAGR230
ae042e;RCH265,RCH570,,LAGR653
ae146f;RCH805,RCH860,RCH624,RCH396,RCH890,RCH792,RCH235
ae0504;RCH871
ae2209;HKY718,HKY725,HKY739,HKY160,HKY695,HKY37,HKY603
ae07a6;RCH149
43c5e9;RRR4940,RRR4020,RRR4941,RRR4016,RRR4945,RRR4105,RRR4030
ae20c8;RCH776,RCH145,RCH685,RCH706,RCH613,RCH404,RCH1818,RCH690,RCH940,BNDGE99,RCH811,RCH349,RCH328,RCH4547,RCH118,RCH802,RCH814,RCH661,RCH193,RCH4163,RCH3294
ae146b;RCH170,RCH808,RCH845,RCH470,RCH136,RCH626,RCH893,RCH403,RCH994,RCH802,RCH809,RCH326,RCH535,RCH396,RCH377,RCH810,RCH821,RCH102,RCH311,RCH920,RCH870
ae1455;RCH205,RCH564,RCH805,RCH333,RCH842,RCH101,RCH179,RCH171,RCH619,RCH830,RCH359,RCH373,RCH565
ae1235;RCH354,RCH225,RCH893,RCH636,RCH647,RCH176,RCH841,RCH746,RCH169,RCH4565,RCH4584,RCH792
ae4d69;RCH560,RCH531,RCH802,RCH830,RCH440,RCH625,RCH103,RCH535,RCH807,RCH840,RCH398,RCH283,RCH444,RCH194
48d853;PLF044,PLF048,PLF030,PLF043
ae07c2;RCH861
ae220f;E10E1,HKY738,HKY740,HKY633,E10E2,HKY645,HKY794,HKY169,HKY705,HKY160,HKY717,HKY720
ae04e8;
ae49c1;RCH708,RCH855,RCH823,RCH238,RCH779,RCH296,RCH358,RCH363,RCH328,RCH797,RCH842,RCH784,RCH862,RCH216,RCH800,RCH264
ae04db;RCH178
3e8b41;GAF422,GAF133,GAF239,GAF045,GAF457,GAF289,GAF007,GAF076
ae0804;RCH224,RCH614,RCH415,RCH808,RCH859,RCH184,RCH829,RCH825,RCH892,RCH832,RCH884,RCH806
43c6f5;RRR2305,RRR2302,RRR2303,RRR2300,RRR2301,RRR2304,RRR2146,RRR2311,RRR2712,RRR2713,RRR2734,RRR2735,RRR2758,RRR2716,RRR2717
ae08cf;RCH145,RCH847,RCH138,RCH396,RCH154,RCH868,RCH155,RCH442
ae220a;HKY160,HKY674,HKY601,HKY614,HKY691,HKY693,HKY700,E10E2
ae10b6;BNDGE35,BNDG800,BNDG801,BNDGE60,RCH815,RCH690,RCH140,BNDGE02,RCH826,RCH813,RCH863,RCH564,RCH738,RCH4616
ae20c4;RCH845,RCH878,RCH251,RCH171,RCH179,RCH555,RCH888,RCH245,RCH304,RCH811,RCH635,RCH4532,RCH997
48d8e0;PLF252,PLF251
ae1458;RCH847,RCH843,RCH871,RCH663,RCH633,RCH671,RCH883,RCH805,RCH550,RCH339,RCH823,RCH812,RCH793,RCH223,RCH151
43c5ed;RRR4944,RRR4526,RRR4527,RRR4940,RRR4941,RRR4088,RRR4089,RRR4945,RRR4067,RRR4947,RRR4509,RRR4032,RRR4033,RRR4053
ae07df;RCH815,RCH870,RCH814,RCH869,RCH801,RCH866,RCH864,RCH850,RCH842,RCH807,RCH856
ae0567;RCH807,RCH522
498441;SUN29,HIPPO22,HIPPO21,HIPPO23,HIPO25,HIPPO24,HIPPO13,HIPO 71,HIPO 72,HIPO 22,SUNFL32,HIPPO29,SUN38,HIPPO73,HIPPO28,HIPPO71,HIPPO72,HIPPO27,HIPPO74,HIPPO32,SUN27,ROSE21,HIPO71,HIPPO75,HIPPO25,CEF4O5,HIPPO 24,HIPPO 71,HIPPO 72,CEF4O7,ROSE23,CEF410,HIPPO12
ae04c1;RCH899,RCH588,LAGR243,LAGR222
ae0581;RCH896,RCH833,RCH844,RCH859,RCH899,RCH705,RCH826,RCH659,RCH250,RCH552,RCH815,RCH445,RCH711,RCH737,RCH803,RCH603,RCH809
498422;CEF08,CEF05B,CEF639,DPHIN11,CEF552,CEF01,CEF02,CEF05N,CEF05D,CEF04,CEF05C,DPHIN41,CEF655,CEF581,CEF585,CEF05F,CEF5013,CEF5015,CEF593,CEF5007,CEF5023,CEF5008,CEF5018,CEF5035,DPHIN21,DPHIN31,CEF521,CEF522,CEF538,CEF548,CEF549,CEF561,CEFO5B,CEF587,CEF588,CEF589,CEF586,DPHIN51,CEF597,CEF05E,CEF03,CEF5011,CEF6074,CEF501W,CEF529
ae10b8;RCH268,RCH800,RCH363,RCH655,RCH633,RCH844,RCH154,RCH990,RCH835,RCH850,RCH840,RCH826,BNDGE02,RCH807,RCH845,RCH842,RCH895,RCH802,RCH804,RCH812,RCH827,RCH572,RCH815
4b7f44;SUI024,SUI527,SUI049,SUI561,SUI541,SUI582,SUI573
49849a;BASIC21,BASIC11,BASIC31,BASIC35,BASIC13,CEF853,BASIC43,CEF851
498435;MDEN21,MDEN11,LION21,MDEN12,MDEN23,MDEN13,SILVO11,SLVO11,MDEN51,SILVO21,MDEN22,CEF330,MDEN43,CEF314,MDEN01,CEF302,SILVO61,MDN41,MDEN42,HIPPO71,HIPOO25
ae065a;RCH984,RCH345
49842d;MDEN12,MDEN41,MDEN21,SIKVO11,CF01,MDEN11,SILVO21,SPRHD21,CEF330,CEF304,MDN11
ae07c4;RCH820
3f8517;GAF553,GAF551,GAF306,GAF313
ae0599;
ae0589;RCH695,RCH557,RCH635,RCH852,RCH227,RCH392,RCH835
43c6b8;RRR6345,RRR6372,RRR6605,RRR6628,RRR6629,RRR6382,RRR6383,RRR6432,RRR6458,RRR6477,RRR6674,RRR6675,RRR6346,RRR99,RRR6700,RRR6701,RRR6652,RRR6718,RRR6721,RRR6653,RRR6662,RRR6663,RRR6668,RRR6669,RRR6706,RRR6707,RRR6680,RRR6681,RRR6730,RRR6731,RRR6340
ae0378;RCH842,RCH415,
43c147;RRR1581,RRR1109,RRR1345,RRR1473
ae6962;SAM786,SAM292,SAM703
ae0587;RCH862,RCH835,RCH439
498433;SILVO51,MDEN12,MDEN22,CF01,CF02,CEF319,SVO12
ae138a;HKY770,HKY163,HKY728,HKY791,HKY793,HKY709
3e87f4;GAFN11A
3f798c;GAFN11B
ae1198;RCH880,RCH870,RCH844,RCH229,RCH835,BNDGE85,RCH172
43c5e7;RRR4940,RRR4944,RRR4945,RRR4941,RRR4943
ae01e1;RCH114
ae0806;RCH888,RCH849,RCH832,RCH861,RCH870,RCH691,RCH643,RCH805,RCH855,RCH552,RCH3227
ae0580;RCH822,RCH207,RCH434,RCH876,RCH145,RCH799,RCH835,RCH869,RCH409,RCH880,RCH545,RCH805,RCH801
ae0219;RCH137,RCH669,RCH845
ae4d68;RCH865,RCH152,BNDGE13,BNDGE20,RCH161,BNDGE23,BNDGE24,BNDGE65,BNDGE66,RCH588,RCH839,RCH923,RCH862,RCH856,RCH1815,RCH260,RCH882
ae04fb;QID43
ae057f;RCH813
ae07be;RCH804
43c700;RRR2302,RRR2304,RRR2305,RRR2303,RRR2306,RRR2307,RRR2700,RRR2701,RRR2300,RRR2301,RRR2714,RRR2715,RRR2712,RRR2713,RRR2808,RRR2809,RRR2843,RRR2860,RRR2861,RRR2802,RRR2734,RRR2735,RRR2130,RRR2131,RRR2122,RRR2123,RRR2311
ae123b;RCH842,BNDGE88,RCH882,RCH849,RCH864,RCH689,RCH867,RCH839,RCH558,RCH141,RCH4590,RCH358,RCH503,RCH101,RCH244
ae1241;RCH869,RCH544,RCH833,RCH895,RCH142,RCH842,RCH4541,RCH674,RCH874,RCH340,RCH412,RCH821,RCH134,RCH551,RCH185,RCH455,RCH867,RCH801
ae0375;RCH264,RCH844
ae0155;RCH853
ae0676;RCH811,RCH877,RCH302,RCH680,RCH845,RCH644,RCH627,RCH606,RCH873,RCH816,RCH778,RCH869,RCH831,RCH169,RCH360,RCH515
ae1179;RCH248,RCH861,BNDGE15,BNDGE16,RCH833,RCH880,BNDGE57,RCH800,RCH829,RCH890,RCH894,RCH884,RCH842,RCH864,RCH469,RCH4598,RCH860,RCH806,BNDGE41,RCH841
470e17;JSH501,JSH500,JSH502,HAFIT,JSH503,JSH401,VTB500
ae0803;RCH790,RCH888,RCH811,RCH823,RCH166,RCH883,RCH884,RCH840,RCH805,RCH590,RCH880,BNDGE44,RCH800,RCH892,RCH801,RCH803,RCH877,RCH821,RCH795,RCH183,RCH837,RCH820,RCH818,RCH796
ae145d;RCH355,RCH843,RCH861,RCH874,RCH845,RCH570,RCH179,RCH139,RCH4123
ae1196;RCH348,RCH332,RCH215,RCH335,RCH806,RCH810,RCH811,RCH822,RCH825,RCH872
ae1461;RCH502,RCH844,RCH840,RCH138,RCH870,RCH180,RCH223,RCH161,RCH558,RCH824,RCH150,RCH548,RCH442,RCH735,RCH3225,RCH825,RCH821
ae0240;QID788,CLEAN01,QID44,LAGR476
ae1172;RCH430,RCH894,RCH250,RCH585,RCH145,RCH864,RCH802,RCH226,RCH845,RCH560,RCH196,RCH239,RCH813,RCH821,RCH840,RCH880,RCH830,RCH803,RCH807,RCH733,RCH856
4d03cc;NATO41,NATO07,NATO01,NATO11,NATO42,NATO40
ae057a;RCH146,RCH846,RCH606,RCH037,RCH881
ae4e17;RCH5725
ae4e18;RCH5727
a45866;N3796B
ae0480;QID690,RCH256
498448;GRZL21,GRZL22,GRZL43,OBLET01,GRZL11,GRZL31,CEF127,GRZL33,GRZL34,GRZL41,GRZL12,GRZL51,GRZL93,GRZL32,CEF05T
ae0561;RCH425,RCH859,RCH836,RCH819,RCH820,RCH854
ae10b5;RCH804,RCH917,RCH562,RCH642,RCH144,RCH871,RCH946,RCH835,RCH422,RCH878,RCH680,RCH386,RCH483,RCH866,RCH165,RCH4122
ae055b;RCH858,RCH800,RCH417,RCH404,RCH601
440a49;OEDAF
49d3c8;OKFAF,TVS4QS
3f7dc1;GAF854,GAF880,GAF813,GAF833,GAF886,GAF847,GAF827,GAF850,GAF824,GAF848,GAF841
ae49c7;RCH645,RCH103,RCH382,RCH270,RCH809,RCH847,RCH832,RCH347,RCH586,RCH824,RCH4601,RCH225,RCH848
43c5de;RRR4519,RRR4940,RRR4943,RRR4074,RRR4075,RRR4947,RRR4944,RRR4508,RRR4509,RRR4530,RRR4941,RRR4521,RRR4152,RRR4153
ae54b3;RCH351
ae0225;RCH865
ae1173;RCH101,RCH861,RCH348
3f551d;GAF850,GAF813,GAF880,GAF884,GAF853,GAF883,GAF854,GAF827,GAF843,GAF876
ae146e;RCH376,RCH832,RCH847,RCH818,RCH132,RCH802,RCH810,RCH822,RCH851,RCH246,RCH226
924924;SAM952
ae0228;RCH861,RCH821,RCH805,RCH810
ae1462;RCH866,RCH894,RCH876,RCH635,RCH826,RCH834,RCH811,RCH822,RCH484,RCH487,RCH935,RCH517,RCH328,RCH621,RCH940,RCH470,RCH831,RCH550,RCH364,RCH176,RCH504,RCH132,RCH138,RCH4526,RCH610
ae61f9;RCH1008
ae29d3;RCH1030
ae123e;RCH354,RCH877,RCH806,RCH540,RCH511,RCH797,RCH856,RCH864,RCH260,RCH119,RCH846,RCH824,RCH181,RCH275
ae068b;
ae055e;RCH837,RCH861,RCH814,RCH636,RCH821,RCH556,RCH808,RCH840,RCH806,RCH237,RCH835,RCH847
43c5ea;RRR4945,RRR4068,RRR4069,RRR4944,RRR4947,RRR4940,RRR4943
ae0811;RCH833,RCH828,RCH841,RCH923,RCH215,RCH921,RCH549,RCH804,RCH830,RCH435,RCH552
43ea99;MNAME
ae07e3;RCH107,RCH795,RCH429
ae04be;RCH870
ae058a;RCH888,RCH940,RCH823,RCH820,RCH852,RCH323,RCH104,RCH458,RCH861,RCH818,RCH847,RCH834
ae04b2;RCH144,RCH883
ae059b;RCH314
ae04cc;,RCH044
ae07a3;
43c6f4;RRR2331,RRR2720,RRR2721,RRR2304,RRR2305,RRR2300,RRR2301,RRR2716,RRR2717,RRR2302,RRR2303,RRR2772,RRR2773,RRR2320,RRR2833,RRR2632,RRR2645,RRR2310,RRR2311,RRR2750,RRR2146,RRR2130,RRR2131,RRR2100,RRR2101,RRR2110,RRR2111,RRR2136,RRR2137,RRR2321,RRR2714,RRR2715
ae0267;BART27,
ae04ea;RCH880,RCH860
ae0629;RCH883
ae04c5;RCH409,RCH470,RCH108,MULE20,MULE23,BART20,
ae2fa7;RCH407,RCH170,RCH846,RCH4207,RCH916,RCH827,RCH788,RCH898,RCH486,RCH743,RCH837
ae0679;RCH748,RCH895,RCH879,RCH865,RCH446,RCH833,RCH797,RCH403,RCH836,RCH499,RCH106,RCH339,RCH822,RCH950,RCH230
ae0562;RCH800,RCH836,RCH995,RCH563,RCH808,RCH851,RCH948,RCH445,RCH801,RCH830,RCH152
498498;BASIC33,BASIC53,BASIC13,CEF850
adfd70;CNV6105
485849;PLF043,PLF032,PLF048
ae2fae;RCH243,RCH842,RCH166,RCH846
ae0669;QID689,RCH051,LAGR640,LAGR88,LAGR691,LAGR782,LAGR851,LAGR865,LAGR250,LAGR222
ae0369;RCH821
ae047c;RCH529,BART25
ae04c3;RCH702,CLEAN11,LAGR465,LAGR88,LAGR600,LAGR810,LAGR864,CASA20
46788c;FNF202
48434d;P4SAM
ae0842;RCH857,RCH809,RCH856,RCH185
ae04dc;RCH878,RCH874
ae293b;HKY38,HKY719,HKY160,HKY604,HKY92,HERKY74,HKY753,HKY644,HKY704,HKY799,HKY709,HKY121
4b8221;TUAF404
43c5e4;RRR4021
ae080f;RCH806,RCH866,RCH875,RCH834,RCH642,RCH922,RCH541,RCH830,RCH187,RCH471,RCH1815,RCH285,RCH745,RCH540,RCH803,RCH838
ae10bd;RCH996,RCH865,RCH870,RCH584,RCH849,RCH9035,RCH800,RCH157
49844f;CEF01,SALON41,CEF05C,SALON22,SALON33,SALON21
49842e;SILVO21,MDEN11,MDEN12,CF01,MDEN21,MDEN41,CEF323A,CEF324,CF02,CEF326,MDEN42,CEF340
505f6e;SQF103,SQF102,SQF108,SQF1962,SQF021,SQF006,SQF101,SQF107,SQF011,SQF106,SPRTN62,SQF014,SQF109,SQF041,SQF104
3c582e;IFA6073,IFA6205,IFA6187,IFA6212,IFA6224,IFA6269,IFA6261,IFA6286,IFA6344,IFA6348,IFA6393,IFA6236,IFA6448,IFA6402,IFA6463,IFA6493,IFA6476,IFA1002,IFA1004,IFA6006,IFA6137,IFA6169,IFA6342,IAF6232,IFA6232,IFA6174,IFA6327,IFA6357,IFA6139,IFA6376,IFA6392,IFA6440,IFA6447,IFA6461,IFA6469
3f97fd;GAF873,GAF841,GAF832,GAF875
ae057b;RCH316,RCH824,RCH802,RCH616
ae117d;RCH815,RCH807,RCH896,RCH165,RCH040,RCH175,RCH810,RCH867,RCH3227,BNDGE85,RCH862
4d03c5;NATO40,NATO07,NATO01
48d8e1;PLF255,PLF253
ae0800;RCH1815,RCH897,RCH716,RCH377,RCH683,RCH839,RCH146,RCH526
ae053e;RCH860,RCH330
ae1238;RCH109,RCH457,RCH869,RCH408,RCH108,RCH820,RCH452,RCH844,RCH845,RCH691,RCH830,RCH633,RCH134,RCH850,RCH430,RCH363,RCH296,RCH870,RCH127
ae01e0;RCH842,RCH866,GOLD81
48d8e2;PLF253,PLF254,PLF252,PLF255
ae206d;SAM072,SAM977
ae020e;RCH825
154ca3;RFF7102
ae117e;RCH897,RCH289,RCH911,RCH913,RCH334,RCH615,RCH880,RCH859,RCH509,RCH830,RCH840,RCH823,RCH852
ae07d6;RCH467
01008b;EGY1516
ae07e7;RCH434,RCH812,RCH146,RCH886,RCH690,RCH647,RCH800,RCH822,RCH816,RCH804,RCH190,RCH855,RCH802,RCH832,RCH880,RCH270,RCH815
48d843;PLF044,PLF038,PLF032
4d03ce;NATO07,NATO06,NATO41,NATO01,NATO11
ae146d;RCH878,RCH540,BNDGE65,RCH829,BNDGE35,RCH860,RCH826,RCH391,RCH885,RCH900,RCH043,RCH781,RCH535
ae0564;RCH555,RCH340,RCH826,RCH823,RCH811,RCH805,RCH827,RCH806,RCH849,RCH815,RCH839,RCH861,RCH817
ae117b;RCH225,RCH795,RCH921,RCH837,RCH885,RCH177,RCH834,RCH125,RCH155,RCH818,RCH821,RCH159,RCH199,RCH523,RCH198,RCH745,RCH749,RCH459,RCH402
43c172;RRR6379,RRR6602,RRR6603,RRR6522,RRR6433,RRR6448,RRR6465,RRR6628,RRR6629,RRR6400,RRR6401,RRR6376,RRR6377,RRR6709,RRR6682,RRR6607,RRR6672,RRR6750,RRR6800,RRR6801,RRR6434,RRR6435,RRR6770,RRR6771,RRR6642,RRR6692,RRR6693
48d961;PLF104,PLF106,PLF105,PLF101
48d960;PLF104,PLF105,PLF102
ae07f0;RCH795,RCH469,RCH149
ae6a6d;RCH850,RCH672
ae014c;RCH896,RCH743,RCH261,RCH559,
43c04e;NAG05OV,RRR6628,RRR6629,RRR6710,RRR6807,NAG43OV,RRR6604,RRR6707,RRR6882,RRR6602,RRR6603,RRR6467,RRR6340,RRR6378,RRR6379,RRR6606,RRR6352,RRR6353,RRR6413,RRR6382,RRR6383,RRR6388,RRR6389,RRR6436,RRR6437,RRR6458,RRR6459,RRR6644,RRR6645,RRR6756,RRR6757,RRR6632,RRR6664,RRR6694,RRR6695,RRR6660,RRR6661,RRR6387,RRR6426,RRR6427,RRR6728,RRR6729,RRR6385
ae1465;RCH823,RCH858,RCH640,RCH596,RCH450,RCH812,RCH821,RCH830,RCH561
ae022c;RCH442,RCH804,RCH692,RCH807
ae1236;RCH860,RCH785,RCH3268,RCH602,RCH827
ae4af1;HKY160,HKY665,HKY130,HKY659,HKY171
ae0242;RCH832
ae05ae;RCH803,RCH887,RCH345,LAGR261,LAGR260,MULE21,MULE23,BART21,BART20,
ae07f6;RCH932,RCH528,RCH448,RCH167
ae07cc;RCH892,RCH813,RCH462,RCH894,RCH658,RCH822
ae1468;RCH196,RCH887,RCH806,RCH879,RCH801,RCH822,RCH842,RCH430,RCH816,RCH871,RCH832,RCH106,RCH692,RCH818
ae1471;RCH895,RCH532,RCH868,RCH886,RCH882,RCH361,RCH293,RCH371,RCH390,RCH554,RCH431,RCH858,RCH819
ae0237;QID856,LAGR478,LAGR689,LAGR763,LAGR220,LAGR246,LAGR404,HOBO20,LAGR813
ae1463;RCH926,RCH776,RCH842,RCH882,RCH652,RCH867,RCH850,RCH840,RCH170,RCH890,RCH332,RCH580,RCH748,RCH827
ae068f;RCH877,RCH867
ae07d5;RCH300,RCH805,RCH874
adfe5c;RCH193
adfe60;RCH629,HKY319,HKY328
adfe5d;RCH802
ae144f;RCH151,RCH465,RCH809,RCH805,RCH929,RCH872,RCH250,RCH835,RCH172
adfe64;RCH212,HKY183,HKY186,HKY178
adfe63;
adfe65;RCH464
3b9bab;CTM1715
3b7730;CTM1733
ae0575;RCH819,RCH440,RCH854,RCH694,RCH848
ae1199;RCH811,RCH889,RCH675,RCH815,RCH820
ae117a;RCH867,RCH803,RCH888,RCH815,RCH817,RCH618,MOOSE98,RCH838,RCH875,RCH857,RCH802,RCH860,RCH827,RCH387,RCH507,RCH851,RCH118,RCH156,RCH801,RCH847,RCH819,RCH260,RCH530,RCH1815,RCH131,RCH855,RCH655,RCH194
3f851b;GAFMED1
ae1197;RCH835,RCH810,RCH177,RCH318,RCH104,RCH422,RCH862
ae0376;RCH550,RCH592
ae4f13;RCH868,RCH874,RCH277,RCH920,RCH181,RCH865,RCH742,RCH809,RCH420,RCH681,RCH320,RCH374,RCH858,RCH4119,RCH272
33ffe2;IAM4662
ae0150;RCH248
498430;CF01,MDEN21,MDEN22,MDEN11,SILVO51,MDEN41,CEF331,CEF330C,MDEN01,CEF321,CF02,SILVO11,SILVO21,MDEN91
ae2fac;RCH802,RCH561,RCH898,RCH868,RCH878,RCH637,RCH418,RCH861,RCH842,RCH830
ae1177;RCH339,RCH888,RCH883,RCH835,RCH869,RCH809,RCH911,RCH496,RCH156,RCH315,RCH318,RCH554
ae0945;SAM353,SAM394,SAM258
ae2fb0;RCH478,RCH1818,RCH586,RCH829,RCH748,RCH636,RCH556
ae20c2;RCH876,RCH820,RCH706,RCH863,RCH320,RCH546,RCH369,RCH512,RCH363,RCH493,RCH345,RCH146,RCH813,RCH219,RCH116,RCH800,RCH877
ae07bc;RCH404
ae062c;RCH830,
ae6961;SAM637,SAM605,SAM606
344459;AME0815
ae022f;RCH843,RCH829,RCH612,RCH698,RCH842,RCH825,RCH225
ae07d1;RCH895,RCH262
ae07ee;RCH830,RCH875,RCH258,RCH382
ae2fa9;RCH832,RCH785,RCH858,RCH817,RCH646,RCH826,RCH846,RCH4562
43c5dc;RRR4516,RRR4944,RRR4048,RRR4049,RRR4947,RRR4940,RRR4550,RRR4941,RRR4152,RRR4153
ae1bf6;E10E2,HKY751,HKY37,HKY91,HKY160,HERKY71,HKY681,HKY122,HKY123,HKY625,HKY114,HKY161,HKY727,HKY173,LION419,LION417,HKY729,LION437,HKY776,HKY198,HKY707
498449;CABBY72,CABBY21,CABBY22,CABBY51,CEF114,CEF4131,CEF4132,CEF05B,CABBY11,CEF121,CABBY12,CABBY33,CEF126,GRZL11,CABBY31,CEF119,CEF05D,CABBY16,CEF143,GRZL32,CEF144,CABBY32,CABBY41,CABBY42,CEF152,CEF101,CABY11,CEF103,CEF10F,CEF1061,CEF106
c2b5c1;CFC4270
3ebd41;GAF689,GAF612,GAF625,GAF676,GAF609,GAF686,GAF671,GAF647,GAF630,GAF602,GAF685,GAF624
ae0559;RCH175,RCH377,RCH956,RCH860,RCH822
ae2fa8;RCH416,RCH843,RCH641,RCH846,RCH301,RCH395,RCH366,RCH633,RCH235,RCH213
ae0808;RCH852,RCH545,RCH861,RCH851,RCH843,RCH654,RCH664,RCH657,RCH431,RCH558,RCH811,RCH122,RCH568,RCH908,RCH128,RCH180,RCH802,RCH175
ae123c;RCH333,RCH896,RCH654,RCH814,RCH561,RCH898,RCH872,RCH311,RCH696,RCH451,RCH3229,RCH233,RCH299,RCH448,RCH857,RCH232,RCH247,RCH836,RCH195
ae0813;RCH852,RCH642,RCH854,RCH894,RCH885,RCH839,RCH813,RCH828,RCH812,RCH803,RCH890,RCH810,RCH883,RCH294,RCH155,RCH871,RCH826,RCH830
ae2fa5;RCH877,RCH850,RCH637,RCH886,RCH820,RCH843,RCH841,RCH998,RCH815,RCH731,RCH741,RCH4596,RCH800,RCH446
ae119c;RCH822,RCH801,RCH923,RCH828,RCH813,RCH153,RCH897,RCH302,RCH211,RCH235,RCH941,RCH615,RCH864,RCH693,RCH602,RCH4116,RCH441,RCH887,RCH803
ae07e4;RCH815,RCH880
ae2faf;RCH475,RCH914,RCH805,RCH214,RCH657,RCH245,RCH270,RCH875,RCH916,RCH290,RCH289,RCH297,RCH295,RCH364,RCH489,RCH486,RCH436,RCH552,RCH690,RCH329,RCH558,RCH828,RCH655,RCH525,RCH884,RCH853,RCH286,RCH556,RCH575,RCH4116,RCH577,RCH816,RCH825,RCH854,RCH544,RCH440,RCH268,RCH228,RCH400,RCH403,RCH133,BNDGE90,RCH591,RCH173,RCH879,RCH118,RCH566
ae115d;SAM207,SAM365,SAM994,SAM909,SAM167,SAM224,SAM225,SAM064,
ae1459;RCH553
0a400d;KJD206
49844e;SALON31,SALON12,SALON21,SALON41,SALON32,CEF05C,SALON33,SALON15
ae10bc;RCH480,RCH708,RCH432,RCH649,RCH409,RCH815,RCH239,RCH151,RCH317,RCH826,RCH848,RCH311,RCH540
3f6533;GAF676,GAF686,GAF612,GAF907,GAF648,GAF689,GAF677,GAF614,GAF625,GAF609,GAF671,GAF602
ae0209;RCH865
4d03c3;NATO40
ae0234;RCH111
3f46db;GAF227,GAF301,GAF141,GAF087
ae0130;RCH866,RCH850
ae146c;RCH161,RCH825,BNDG05,RCH550,RCH272,RCH439,RCH195,RCH899,RCH159,RCH193,RCH838,RCH362,RCH514,RCH3258,RCH851,RCH892,RCH217,RCH870,RCH877,RCH847,RCH797,RCH4604
ae2fad;RCH801,RCH584,RCH820,RCH851,RCH874,RCH818,RCH122
ae07ce;RCH806,RCH634
43c6f7;RRR2307,RRR2302,RRR2301,RRR2148,RRR2149,RRR2303,RRR2300,RRR2210,RRR2211,ZYR22-5X,RRR2114,RRR2115,RRR2112
ae20c9;RCH892,RCH997,RCH180,RCH857,RCH605,RCH840,RCH655,RCH690,RCH917,RCH139,RCH408,RCH196,RCH4155,RCH381,RCH846,RCH572,RCH811,RCH4119,RCH875,RCH893,RCH896,RCH820,RCH884,RCH838,RCH141
ae2fa6;RCH703,RCH851,RCH863,RCH632,RCH899,RCH856,RCH790,RCH803,RCH809,RCH192,RCH468
ae4d6a;RCH890,RCH104,RCH262,RCH135,RCH874,RCH389,RCH175,RCH288,RCH805,RCH4541,RCH238
ae49c2;RCH710,RCH4559,RCH4533,RCH794
43c6f6;RRR2717,RRR2300,RRR2301,RRR2112,RRR2113,RRR2304,RRR2305,RRR2322,RRR2323,RRR2832,RRR2833,RRR2835,RRR2886,RRR2887,RRR2837,RRR2644,RRR2302,RRR2719,RRR2310,RRR9924,RRR2190,RRR2146,RRR2147,RRR2303
4a822a;SVF640,SVF636,SVF630,SVF638,SVF639,SVF645,SVF648,SVF642,SVF632,SVF644
ae080d;RCH516,RCH872,RCH391,RCH339
ae1234;RCH880,RCH811,RCH812,RCH195,RCH840,RCH825,RCH851,RCH874,RCH828,RCH613,RCH810,RCH526
ae4f16;RCH893,RCH855,RCH344,RCH100,RCH512,RCH836,RCH801,RCH824,RCH820,RCH1818,RCH747,RCH842,RCH624,RCH552
3e95ca;GAF602,GAF671,GAF676,GAF642,GAF612,GAF645
498489;CEF692,SMGLR11,SMGLR12,SMGLR31,CEF667,CEF05C,SMGLR51,SMGLR21,SMGLR22,CEF601
497c71;AFP15
ae49c3;RCH846,RCH890,RCH234,RCH834,RCH867,RCH608,RCH304,RCH044,RCH365,RCH402,RCH547,RCH170
33ffe0;IAM4660,IAM4668,IAM4638,IAM4673
ae49c5;RCH177,RCH875,RCH309,RCH326,RCH870,RCH4139,RCH170,RCH864,RCH869,RCH550,RCH553,RCH698,RCH837
33ffe1;IAM4661,IAM4676
ae10c0;BNDG15,RCH835,RCH854,RCH825,RCH857
43c5eb;RRR4940,RRR4944,RRR4945,RRR4068,RRR4069,RRR4078,RRR4079,RRR4947,RRR4512,RRR4513,RRR4550
48d840;PLF032,PLF040,PLF282,PLF280
ae1bed;HKY707,HKY727,HKY130
ae064e;LAGR155,RCH242,RCH327,,LAGR653,LAGR655
ae0214;RCH838,RCH843,RCH878
48d980;PLF110,PLF104,PLF101,PLF102
3e9fd2;GAF742,GAF057
3f8519;GAF566,GAFMED1,GAFMED2,GAF953,GAFMED3,GAFMED9,GAFMED4
ae0230;RCH321,RCH244
ae0802;RCH151,RCH873,RCH830,RCH914,RCH440,RCH468,RCH710
398db8;FHDNY
503fd2;LYF166,LYF227,LYF277,LYF261
43c5e8;RRR4569,RRR4051,RRR4940,RRR2790,RRR2791
498487;CEF625,CEF106,CEF645,CEF6010,SMGLR21,JGS05,SMGLR11,SMGLR12,CEF05C,CEF602,CEF622,CEF05E,CEF624,SMGLR61
ae1451;RCH564,RCH896
4d03c2;NATO07
ae1456;RCH817
3b77eb;CTM1290,CTM1292
ae021c;RCH976,RCH032,RCH804
ae07fa;RCH801,RCH856,RCH873,RCH664,RCH638,RCH656,RCH941,RCH884,RCH526,RCH505
4a8186;SVF828
adfea1;RCH102,HKY134,HKY104,HKY115,HKY157,HKY161,HKY145,HKY147,HKY184,HKY185
3e8e96;GAFMED1,GAF014,GAF009,GAF302,GAF457,GAF101,GAF111
ae04fe;QID677,GOLD44,LAGR607,LAGR88,LAGR809,LAGR854,LAGR220,LAGR241,LAGR225,LAGR240,LAGR250,CASA20,CASA21
43c5dd;RRR4945,RRR4944,RRR4941,RRR4990,RRR4991,RRR4940,RRR4510,RRR4511
3b77fe;CTM1306
ae07d7;RCH879
3b77ec;CTM1291
ae144e;RCH899,RCH5144,RCH138,RCH4559
ae0151;QID543
3d0fca;DEEFQ
3d0fd2;DEEFY
ae02e0;HKY306
738a8e;IAF180
ae1469;RCH822,RCH039,RCH780,RCH813,RCH870,RCH879,RCH880,RCH820,RCH341,RCH847,RCH4543,RCH190,RCH659,RCH445,RCH647,RCH854
48d847;PLF043,PLF042,PLF038
154c32;RFF7102
ae1454;RCH633,RCH830,RCH819,RCH796,RCH151
477ff5;HUAF233,HUAF245,HUAF252,HUAF246,HUAF247,HUAF250,HUAF253,HUAF255,HUAF257,HUAF260,HUAF264,HUAF273,HUAF612,HUAF284,HUAF285,HUAF283,HUAF279,HUAF286,HUAF276,HUAF277,HUAF287,HUAF278,HUAF289,HUAF291,HUAF290,HUAF296,HUAF292,HUAF294,HUAF309,HUAF305,HUAF306,HUAF315,HUAF321,HUAF323,HUAF333,CAMEL65,HUAF325,HUAF343,HUAF373,HUAF378,HUAF380,HUAF379,HUAF388,HUAF389,HUAF398,HUAF394,HUAF706,HUAF410,HUAF395,HUAF422,HUAF423,HUAF424,HUAF426,HUAF427,HUAF437,HUAF433,HUAF731,HUAF434,HUAF459,HUAF461,HUAF464,HUAF479,HUAF485,HUAF495,HUAF103,HUAF101,HUAF105,HUAF113,HUAF116,HUAF153,HUAF140,HUAF154,HUAF162,HUAF136,HUAF167,HUAF556,HUAF176,HUAF169,HUAF182,HUAF193,HUAF198,HUAF199,HUAF202,HUAF208,HUAF212,HUAF209,HUAF213,HUAF196,HUAF217,HUAF235,HUAF232,HUAF243,HUAF231,HUAF248,HUAF259,HUAF281,HUAF288,HUAF301,HUAF313,HUAF334,HUAF342,HUAF354,HUAF338,HUAF339,HUAF366,HUAF368,HUAF358,HUAF359,HUAF392,HUAF396,HUAF400,HUAF401,HUAF405,HUAF687,HUAF412,HUAF414,HUAF419,HUAF435,HUAF444,HUAF445,HUAF450,HUAF442,HUAF463,HUAF465,HUAF469,HUAF106,HUAF107,HUAF122,HUAF117,HUAF118
ae07f4;RCH470,RCH849,RCH645,RCH626,RCH655,RCH545,RCH820
43c6f3;RRR2303,RRR2305,RRR2190,RRR2191,RRR2166,RRR2167,RRR2784,RRR2785,RRR2898,RRR2899,RRR2300,RRR2301,RRR2302,RRR2706,RRR2707,RRR2712,RRR2713
3b77ee;CTM1297,CTM1292
49d36e;OKSIL
ae055d;RCH870,RCH890,RCH465,RCH226,RCH867,RCH150,RCH787,RCH230,RCH813,RCH884
ae1449;RCH853,RCH559,RCH134,RCH187,RCH573,RCH197
ae145f;BNDGE26,RCH922,RCH152,RCH935,RCH145,RCH340,RCH365,RCH375,RCH3278,RCH554,RCH417,RCH694,RCH311,RCH335,RCH121,RCH4554,RCH234
ae05a8;QID719,ROMA91,HOBO27
4d03c6;NATO41,NATO06,NATO42,NATO40,NATO07,NATO05,NATO12,NATO01,NATO11
ae026d;RCH126
ae0364;RCH899
ae022e;RCH826,RCH808
ae11f6;SAM460,SAM394,SAM237,SAM453,SAM614,SAM733,SAM910
ae02c7;HKY717
45f425;DAF9061
ae123f;RCH809,RCH308,RCH857,RCH832,RCH841,RCH822,RCH138,RCH810,RCH434,RCH102,RCH898,RCH875,RCH376,RCH144,RCH109,RCH4583,RCH814,RCH261,RCH803
ae05b1;QID745,LAGR577,LAGR853,LAGR220,LAGR223,CASA21,CASA20
ae023b;QID878,LAGR312
ae013f;RCH825
ae014f;RCH842,RCH836
3b77da;FAF902
43ebcd;2DARE
ae05e7;HKY667
ae0358;RCH860
ae04e0;RCH804,NACHO71
4d03ca;NATO40,NATO06,NATO07,NATO01,NATO41,NATO03,NATO11,NATO42
4d03c8;NATO07,NATO01,NATO40,NATO41,NATO11
45f42b;DAF7386,DAF8954,DAF1866,DAF1873,DAF1669,DAF1670,DAF1671,DAF1672,DAF3277
ae5c9d;HKY160,HKY37,HKY615,HKY613,HKY73,HERKY72,HKY624,HKY782,HKY788,HKY680,E10E2,HKY702,HKY130,HKY114,HKY156,HKY756,HKY124,HKY723,HKY720,HKY724,HKY152,HKY774,HKY770,HKY713
ae021b;RCH843,RCH806,RCH828
49524a;BAF630,EZZ2012,EZZ2020,EZZ2021,HFM410P,EXS85BH,EXS41RT,EXS43UB,EXS83LV,EXS1466
48c40c;SPSAM
48aca9;SPLFK
48aca1;SPLFB
ae144c;RCH817,RCH813,RCH851
ae035d;RCH812
44b2ad;BAF72,BAF80,BAF86,BAF81,BAF77,BAF75,BAF73,BAF79,BAF74,BAF84
c2b3b9;CFC4158,CFC3153,CFC4177,CFC4178,CFC4156,CFC4163,CFC4134,CFC4148
ae0818;RCH837,RCH408,RCH150,RCH833,RCH836,RCH813,BNDG231,RCH896,RCH803,BNDGE88,RCH877,RCH851,RCH863,RCH862,RCH895,RCH629,RCH469,RCH459,RCH168
ae035c;RCH815
ae0485;RCH876
ae059f;RCH865
ae07c1;
ae49c6;RCH638,RCH926,RCH893,RCH855,RCH637,RCH261,RCH894,RCH810,RCH898,MOOSE73,RCH899,RCH817,RCH4172,RCH842,RCH253,RCH800,RCH567,RCH823,RCH160,RCH803,RCH4530,RCH716
ae0388;LAGR309,LAGR217,LAGR311,LAGR574,LAGR579,ROMA81,LAGR88,RCH335
ae4f14;RCH717,RCH811,RCH325,RCH930,RCH616,RCH171,RCH814,RCH817,RCH4195,RCH847,RCH445,RCH804,BNDGE50,RCH875
ae2210;HKY160,HKY729,HKY602,LION417,HERKY70,HKY616,LION415,HKY765,HKY623,HKY683,HKY711
c2b3eb;CFC4081,CFC4027,CFC4004,CFC4014,CFC4001,CFC4003,CFC4005,CFC3685,CFC4002
43c5e2;RRR4601,RRR4032,RRR4033,RRR4940,RRR4945,RRR4034,RRR4035,RRR4944,RRR4941,RRR4056,RRR4016,RRR4017,RRR4082,RRR4083
ae0210;RCH853,RCH870,RCH421
3e89e7;GAF918,GAF901,GAF906,GAF894,GAF917,GAF921
3f4ddf;GAF163,GAF504,GAF303,GAF142,GAF654,GAF234,GAF074
ae0229;RCH838,RCH809,RCH870,RCH467
adfeb7;SAM180,SAM984,SAM450,SAM470,SAM801,SAM266
ae1448;RCH892,RCH802,RCH4138,RCH916,RCH605,RCH905,RCH140,RCH646
48d820;PLF243
ae013e;RCH890,
ae013d;RCH895,
c2afc7;CFC3688,CFC4002,CFC4004,CFC3953,CFC4005,CFC4052,CFC4045,CFC4080,CFC4027,CFC4094,CFC4048,CFC4076,CFC4003,CFC4077
adff0c;LAGR483,LAGR551,QID53,LAGR673,LAGR230,LAGR403,LAGR250,CASA20,CASA21,BOZO20,BLUE14
ae062b;RCH834
4680d1;HAF352C,HAF352E,HAF352V
ae0152;RCH821,RCH801
ae0532;RCH806
ae04bd;RCH352
ae0269;RCH821,RCH801,RCH819,RCH814,RCH160
ae04c6;RCH812,RCH851
ae04f5;RCH853
ae0139;RCH801
ae20c6;RCH895,RCH153,RCH914,RCH871,RCH862,RCH853,RCH801,RCH792,RCH618,RCH552,RCH854,RCH910,RCH798,RCH1815,RCH840,RCH550,RCH587
c2b3f5;CFC4075,CFC4001,CFC4004,CFC4043,CFC4044,CFC4046,CFC4002,CFC4003,CFC4084,CFC4010,CFC4030,CFC4032
3eb1a6;GAF917,GAF314,GAF939,GAF907,GAF921,GAF949,GAF923,GAF847,GAF918,GAF906
498437;CEF4111,1526,FOTO01,FOTO02
ae0593;QID88,RCH104
33ffdc;LYF166
3f66b0;GAF412,GAF307,GAF143,GAF622,GAF626,GAF632,GAF621,GAF634,GAF606,GAF653,GAF246,GAF574
ae068d;RCH849
ae20c5;RCH655,RCH830,RCH160,RCH858,RCH609,RCH852,RCH135,RCH188,RCH186,RCH409,RCH880,RCH825,RCH744,RCH226,RCH148,RCH185
ae059d;RCH897,RCH880,
ae1472;RCH872,RCH895,RCH485,RCH488,RCH330,RCH746,RCH107,RCH866,RCH4139,RCH231,RCH152,RCH888,RCH418,RCH855,RCH816,RCH826,RCH124,RCH625,RCH847,RCH530
ae0597;RCH803
ae0262;RCH846,RCH881,
ae0506;RCH981,RCH856,RCH823
adfdba;HKY673
473c0a;HUAF11
473c03;HUAF24,DEMON41
3ebe12;GAF686,GAF642,GAF630,GAF676,GAF685,GAF609,GAF679,GAF625,GAF645,GAF648,GAF602
ae1252;CNV6624,CNV6628
ae04f6;RCH871,RCH896
4681e4;HAF352C
3b76b3;CTM004,CTM0011,CTM3800,CTM3802
ae20c3;RCH858,RCH824,BNDGE51,RCH804,RCH800,RCH107,RCH589,RCH187,RCH106,RCH108,RCH445,RCH4150,RCH310,RCH860,RCH348,RCH323,RCH853,RCH940,RCH836
470e05;HAFIB
498434;MDEN51,MDEN13,MDEN41,MDN42,MDEN21,CF01,MDEN12,CF02,MDEN31,MDEN11,CEF302,SILVO41,MDEN42,MDN41
33ffe3;IAM4668,IAM4663,IAM4665,IAM4676
ae58ae;NATO01
424788;VPCEF
c2b35f;CFC4145,CFC4155,CFC3187,CFC4102,CFC4105,CFC4108,CFC4132,CFC4133,CFC4175
ae013c;QID857
ae0659;LAGR173,LAGR383,LAGR384,LAGR396,LAGR432,LAGR475,LAGR88,LAGR575,LAGR610,LAGR799,LAGR836,LAGR898,LAGR928,LAGR959,RCH804,LAGR250,LAGR225,BART24,CASA21,CASA20
ae07b1;RCH920
ae49c4;RCH876,RCH785,RCH852,RCH818,RCH913,RCH526,RCH497,RCH183,RCH888,RCH223,RCH549,RCH3266,RCH859,RCH841,RCH230,RCH833
ae5dfc;HKY784,HKY730,LION350,HKY692,HKY701,HKY703,HKY710,HKY744,HKY749,HKY777,HKY781,HKY160,HKY725,HKY153,LION439,HKY130,HKY771,HKY757,LION462,HKY702,HKY722
adfe7d;HKY14
3b77e8;CTM1042
ae08e3;RCH865,RCH847,RCH866,RCH808,RCH889,RCH886,RCH868,RCH313,RCH803,RCH830,RCH670,RCH861,RCH603,RCH044,RCH835,RCH503,RCH849,RCH920,RCH4593,RCH122,RCH562,RCH895,RCH930,RCH802,RCH834,RCH873
adfd72;CNV6201,CNV6118,CNV6213,CNV6317
3f7b3c;GAF561,GAF609,GAF685,GAF614,GAF651,GAF689,GAF677,GAF624,GAF676
ae11f8;SAM205,SAM760,SAM494,SAM681,SAM227,SAM466,SAM367,,SAM869,SAM045
344297;AME0830,AEA006,AEA007,AME0820,AME0821,AEA951
ae145a;RCH655,RCH881,RCH827,RCH887,RCH812,RCH502,RCH395
ae0224;RCH894,RCH804,RCH801,GOLD82,RCH867,RCH827,NCHO221
43c705;RRR1563,RRR1677
43eacd;MRRRR
ae0816;RCH864,RCH806,RCH832,RCH610,RCH627,RCH137,RCH835,RCH690,RCH361,RCH318,RCH860,RCH841,RCH368,RCH481,RCH389,RCH549,RCH222,RCH655,RCH225,RCH215,RCH846,RCH4548,RCH271
ae0482;RCH866
ae1532;RCH610,RCH346,RCH044
ae4e0f;RCH607
33ffe7;IAM4664,IAM4676,IAM4661,IAM4669
ae0425;RCH808
ae5f12;RCH608
ae61ff;RCH609,HKY696,HKY91,HKY604,HERKY71,HKY634,HKY795,HKY160,HKY707,HKY169,HKY151,HKY155,HKY156,HKY637,HKY128
3d0fc0;DEEFG
ae5f0b;RCH611
ae5f0d;RCH606
43c5e5;RRR4090,RRR4118,RRR4941,RRR4944,RRR4945,RRR4940,RRR4943
3b77df;CTM2059
ae056a;RCH800,RCH863,RCH592,RCH865,RCH882
c2b52b;CFC4228,CFC4221,CFC4227,CFC4210,CFC4216,CFC4219,CFC4217,CFC4211,CFC4218,CFC4224,CFC4461,CFC4466,CFC4470,CFC4446,CFC2965,CFC2910,CFC2911
43c5df;RRR4945,RRR4940,RRR4975,RRR4943,RRR4944,RRR4941
ae6471;RCH707
ae4bdd;RCH708,RCH040
ae6205;RCH709,RCH539
ae4e19;BADGR42,MISS41
010071;EGY3301
ae048a;RCH881,LAGR433,LAGR888,LAGR241,LAGR242,HOBO22,CLEAN01
498495;BASIC29,BASIC19,BASIC31,BASIC13,BASIC15,BASIC23,BASIC51,BASIC11,BASIC35,CEF851,CEF850
4b8209;TUAF122,TUAF128,TUAF141
3b7781;CTM1015
ae144d;RCH800,RCH409,RCH444,RCH832,RCH697,RCH262,RCH688,RCH497
ae1452;RCH855,RCH198,RCH797,RCH187,RCH343,RCH266,RCH321,RCH796,RCH257,RCH551,RCH645,RCH591,RCH238,RCH122,RCH125
505f87;SQF0845
43c09f;RRR7305
ae29d2;086205,BADGR42,BADGR41,BADGR48,CHAIN42
ae0798;QID544,RCH890
49d016;OKBAF
ae4be6;BADGR48,BADGR47,BADGR41
43c39f;NATO31
adfdd5;HKY689
ac0220;RCH810
ae146a;RCH204,RCH800,RCH865,RCH638,RCH891,RCH536,RCH560,RCH860,RCH870,RCH330,RCH295,RCH372,RCH224,RCH804,RCH150
ae050a;RCH560,HUSKR75,HSKR75,HUSKR33,RCH340,CLEAN05
ae07dd;RCH980,RCH860,RCH159,RCH369,RCH3259
ae29d4;CHAIN42,CHAIN41
ae07d3;RCH870,RCH857,RCH889,RCH534,RCH103
4682a6;HAF352C,HAF352V
3f6219;GAF033,GAF593,GAF234,GAF111,GAF684,GAF333
ae08e1;HKY746,RCH775
c2b571;CFC4239,OSY16T
43c5e0;RRR4531,RRR4580,RRR4941,RRR4944,RRR4945,RRR4096,RRR4121,RRR4014,RRR4498,RRR4499,RRR4017,RRR4070,RRR4071,RRR4505
ae1446;RCH335,RCH535
ae1466;RCH545,RCH881,RCH920,RCH370,RCH485,RCH490,RCH491,RCH168,RCH818,RCH223,RCH835
ae152f;RCH435,HKY160,HKY130,HKY748,HKY772,E10E3,HKY708,LION456,HKY717,HKY719,HKY723
ae1bf5;RCH635
ae4f12;RCH706,RCH852,RCH804,RCH105,RCH840,RCH268,RCH926,RCH814,RCH623,RCH580,RCH520,RCH195,RCH887,RCH4565,RCH213,RCH4209,RCH047
ae595d;RCH195
ae5f08;RCH196,RCH542
ae5f13;RCH202
ae0231;RCH868,RCH800,RCH031
ae54d9;FULL99,KOJAK63
ae056f;RCH818,RCH825,RCH896,RCH337,RCH855,RCH817,RCH878
ae595c;RCH100
3f4ba9;GAF466,GAFMED3,GAF610,GAF046,GAF691,GAFMED1
010072;EGY3304
ae5719;CNV6614,CNV4587
ae1445;RCH105
ae03e1;CNV6527
4d03d0;NATO40,NATO01,NATO02
4b7f43;SUI521,SUI541,SUI582,SUI039,SUI514,SUI595
ae021d;RCH884
ae0667;RCH850
ae047d;RCH848,RCH864
ae1441;RCH703,HKY660,HKY678,HKY675
ae1389;RCH704,HKY661,HKY682,HKY679,HKY674
ae1444;RCH537,RCH124
ae1536;RCH545
ae145e;RCH801,RCH513,RCH850,RCH466,RCH865,RCH860,RCH819,RCH463,RCH610
ae0576;RCH178,RCH535,RCH898,RCH801,RCH540,RCH897,RCH823
ae5f09;RCH197
ae013b;RCH851
ae057d;RCH824,RCH826,RCH820
ae07ae;RCH808,LAGR273,LAGR271,LAGR270,LAGR272,LAGR260,BART19,BART18,
ae07e0;RCH864,RCH814,RCH615
ae0272;RCH972
ae026b;RCH874
ae1460;RCH175,RCH823,RCH940,RCH825,RCH180,RCH840,RCH888,RCH833,RCH806,RCH780,RCH644,RCH136,RCH397,RCH398,RCH4599,RCH453,RCH117
3b76a9;CTM2020,CTM2041
ae08be;RCH816,RCH825,RCH184,RCH239,RCH508,RCH821,RCH859,RCH801,RCH620,RCH812,RCH4620,RCH832,RCH845
ae2fa4;RCH833,RCH803,RCH827,RCH850,RCH237,RCH141,RCH814,RCH809,RCH560,RCH808,RCH135,RCH161,RCH258,RCH331,RCH196,RCH796,RCH732,RCH778,RCH4573,RCH329,RCH825,RCH368,RCH495,RCH348,RCH220,RCH175,RCH440,RCH862,RCH871,RCH694,RCH880
48d82b;PLF114
ae024d;RCH801,RCH607,RCH421
ae057c;RCH747,RCH876,RCH450,RCH870
ae0218;RCH847,RCH850,RCH845,RCH826
ae0677;RCH821,RCH805,BNDGE30,RCH818,RCH857,RCH802,RCH823,BNDGE18,RCH833,RCH822,RCH809,RCH873,RCH890,RCH803,RCH848,RCH548,RCH815,RCH880,RCH871
ae1457;RCH883,RCH915,RCH895,RCH831,RCH446,RCH597,RCH795
4984a1;BUDDY41,CLV41,CEF850,BUDDY43,BUDDYO9,BUDDY47,BUDDY45,BUDDY49,CEF851,BUDDY09,BUDDY77,BUDDY53
ae0227;RCH849,RCH899,NCHO223,RCH141
ae0235;RCH821
503cf0;LYFTF
3b76a5;CTM0005,CTM0015
447d00;ASF01,HERKY01
49842b;MDEN23,MDEN11,CF02,CEF325,SILVO41,MDN22
43c6fb;RRR2300,RRR2301,RRR2302,RRR2303,RRR2304,RRR2305,RRR2852,RRR2853,RRR2874,RRR2875,RRR2602,RRR2603,RRR2322,NAG9915,RRR2102,RRR2103,RRR2720,RRR2721,RRR2746,RRR2747
ae05a6;RCH841
4a8114;SVF631,SVF638,SVF648,SVF649
43c5e6;RRR4063,RRR4940,RRR4022,RRR4023,RRR4944,RRR4945,RRR4120,RRR4135,RRR4941,RRR4526,RRR4943,RRR4033,RRR4947,RRR4510,RRR4511,RRR4152,RRR4153
ae29ce;RCH1032
4a8199;SVF633,SVF630,SVF635,SVF645,SVF649,SVF634,SVF631,SVF632,SVF639
ae144a;RCH920,RCH151,RCH824,RCH512,RCH101,RCH902,RCH316,RCH106,RCH836,RCH849
406e9f;AWC041,AWC731,AWC873W,RRR2304,RRR2305,AWC471,AWC472,RRR2100,RRR2101,RRR2300,RRR2301,RRR2302,RRR2303,AWC113,AWC721,AWC722,AWC961,RRR2110,RRR2111,RRR2114,RRR2115,RRR2732,EXS92UR,EXS28RT,EXS31CH,EXS28RY,AWC2022,TOW2601,AWC101,AWC102
ae038d;RCH833,RCH867
48d8e3;PLF253
3b77e4;CTM3801,CTM0006,CTM0009,CTM0005,CTM0015
ae20ca;RCH921,RCH899,RCH822,RCH873,RCH852,RCH845,RCH854,RCH470,RCH794,RCH576,RCH319,RCH802
ae4ddd;SAM777,SAM364
4d03c4;NATO07,NATO01,NATO40,NATO05,NATO11,NATO12,NATO42,NATO41,NATO24
ae047a;RCH899
488c10;SPDAR
ae0163;RCH849
ae056c;RCH155,RCH922,RCH850
ae07bd;RCH453
728130;YI50
3b777b;FAF4091
ae5f0c;HKY704,HKY662,HKY160,HKY750,HKY761,HKY698,HKY708,HKY111,HKY117,HKY154,HKY747,HKY164,LION436,LION441,HKY767,HKY758,HKY783,HKY788,HKY130
ae05b6;RCH1038
ae145c;RCH879,BNDGE77,BNDGE78,RCH864,RCH836,BNDGE65,BNDGE89,RCH850,RCH618,RCH041,RCH837,RCH590,RCH855,RCH177,RCH309,RCH246,RCH385,RCH862,RCH877,RCH164,RCH801,RCH323,RCH795,RCH828,RCH123
3f5572;GAFMED1,GAF423,GAF228,GAF114,GAF094,GAF008,GAF312,GAF412,GAF627,GAF641,GAF608,GAF629
3f5685;GAF379,GAF111,GAF727,GAF725
adfeb9;SAM091,SAM900,SAM249,SAM601,SAM494,SAM526,SAM060
3b777f;FAF4092
45f429;DAF7249,DAF1847,DAF1874,DAF3338,DAF1675,DAF1658,DAF1659,DAF1677,DAF1661,DAF3278,DAF1682
ae0366;
ae07d4;RCH851,RCH865,RCH850,RCH949,RCH824,BNDGE50
ae1467;RCH625,RCH810,RCH865,RCH188,RCH518,RCH243,RCH889,RCH814,RCH807,RCH809,RCH845,RCH831,RCH856,RCH811,RCH790,BNDGE35
ae04d9;CNV6619
ae2fa3;RCH805,RCH561,RCH857,MOOSE76,RCH848,RCH841,RCH856,RCH373,RCH838,RCH825,RCH232,RCH402
45f428;DAF8949,DAF8953,DAF1837,DAF1865,DAF1873,DAF1879,DAF9696,DAF8955,DAF1678,DAF1683,DAF4006,DAF4007
adfe78;RCH166
adfdc6;RCH168
adfe79;RCH144
34529a;AME0827,AEA922
adfdc2;RCH167
345299;AME0828,AEA006,AEA007
ae0590;RCH453,
ae0226;RCH884,RCH139,RCH867
ae07f8;RCH855,RCH1815,RCH426,RCH190,RCH840,RCH835,RCH664,RCH807,RCH804,RCH818,RCH832,RCH856,RCH546,RCH427
43c5db;RRR4541,RRR4980,RRR4981,RRR4944,RRR4945,RRR4155,RRR4074
3b77db;FAF902
ac837e;LAGR321
497c73;AFP59,AFP31,AFP04,AFP63,AFP20
ae119d;RCH100,RCH880,RCH887,RCH878,RCH841,RCH813,RCH390,RCH314,RCH521,RCH392,RCH585,RCH143,RCH862,RCH140,RCH796,RCH828,RCH829,MOOSE46,BNDGE55,RCH127
ae1171;RCH141,RCH247
ae07a5;RCH826
ae0406;SAM864
ae1242;RCH884,RCH873,RCH851,RCH866,RCH888,RCH872,RCH433,RCH834,RCH549,RCH567,RCH592,RCH819,RCH4172,RCH357,RCH517,RCH3248,RCH4563,RCH124,RCH815,RCH840,RCH788,RCH898
ae0805;RCH152,RCH888,RCH845,RCH901,RCH341,RCH395,RCH1815,RCH506,RCH867,RCH319,RCH744,RCH347,RCH684,RCH826,BNDGE44,RCH813
ae07ea;RCH822,RCH935,RCH831,RCH886,RCH693,RCH152,RCH257,RCH553,RCH833,RCH151,RCH890,RCH819,RCH802
447d08;ASF11,ASF10,ASF12
48d8e4;PLF255,PLF253,PLF254
ae020c;RCH811,RCH829,RCH337
c2b3ff;CFC4074,CFC4001,CFC4002,CFC4003,CFC4046,CFC4044,CFC4079,CFC4004,CFC4018,CFC4020,CFC4083,CFC4084
447d0f;REBEL12,ASF13,PANTA13,ASF12
447d05;REBEL11,ASF11
43c704;RRR1383,RRR1551,RRR1605,RRR1661,RRR1679,RRR1505,KRF37
ae5963;FULL98
1551df;RFF7798
c2b3c3;CFC3366,CFC4371,CFC3378,CFC4379,CFC4319
503cf2;LYFTX
ae015e;RCH817
ae1464;RCH620,RCH804,RCH838,RCH834,RCH932,RCH887,RCH841,RCH865,RCH155,RCH4539,RCH4603,RCH807,RCH187
0101ac;EGY2379
c2b369;CFC3060
ae0505;RCH802
ae4a81;SAM265,SAM779
48d849;PLF042,PLF033
ae05a7;RCH803
447d0d;ASF11,REBEL12
33fff0;IAM4663
ae2faa;RCH814,RCH555,RCH560,RCH886,RCH605,RCH889,RCH4587,RCH175,RCH143,RCH550,RCH891,RCH849,RCH162,RCH856,RCH857,RCH235,RCH865,RCH855,RCH4540,RCH166,RCH141,RCH4568,RCH184
0a401c;KJD165,KJD166,KJD202,KJD212,KJD213
ae080e;RCH137,RCH840,RCH154,RCH949,BNDGE73,BNDGE74,RCH882,RCH605,RCH835,RCH498,RCH521,RCH139,RCH263,RCH873,RCH556
3b7718;CTM2109
ae065d;RCH889,RCH804
ae0365;RCH831,RCH833,RCH808
3b7715;CTM2040
ae05aa;RCH886,LAGR262,LAGR271,LAGR263,MULE100
ae0509;RCH845,RCH803,
3f8518;GAF557
ae0243;
ae0479;
adff10;RCH876,RCH858,RCH841,
ae4af3;RCH705
ae29da;RCH707,RCH585
33ffea;IAM4662
ae04e7;RCH865
ae07fe;RCH890,RCH260,RCH318,RCH648,RCH038
ae123d;RCH146,RCH898,RCH232,RCH856,RCH822,RCH928,RCH802,RCH872,RCH833,RCH835,RCH151,RCH860,RCH853
ae4e0b;RCH450,RCH152,LION438,LION435,HKY755,E10E3,HKY160,HKY181
ae29dd;RCH451,RCH848
154c83;RFF7860
ae4afe;RCH706
ae143e;RCH153
ae0264;QID891
3b7784;CTM2108
ae058d;RCH345,RCH433
ae0489;RCH880,RCH137
4a8187;SVF805,SVF811
ae5df7;RCH190,RCH416
ae04dd;RCH898
33ffef;IAM4664,IAM4672,IAM4668,IAM4662,IAM4667,IAM4634,IAM4660,IAM4676
adfeb8;SAM370,SAM248,SAM715,SAM497
c2b3d7;CFC4005,CFC4002,CFC4019,CFC4029
ae07b7;RCH008
ae07b6;RCH008,LAGR275,LAGR261,LAGR455,RCH190
ae085b;RCH842
ae04ec;RCH021,HSKR75,HUSKR75,RCH559,RCH870
ae066e;
ae0381;RCH852,RCH801,RCH828,RCH824
ae0503;RCH403,RCH220,
ae014d;
48d842;PLF048,PLF040,PLF043,PLF044
ae0213;RCH853,RCH828,NCHO220,NCHO223
ae0360;RCH879
48d841;PLF033,PLF044,PLF048,PLF042,PLF043,PLF282
c2b535;CFC4285,CFC4269
ae5f0a;RCH633,RCH414,RCH506,RCH317
ae038e;
ae07bf;RCH861
3f4e27;GAF609,GAF613,GAF685,GAF679,GAF648,GAF630,GAF650,GAF607,GAF866,GAF686,GAF624
ae4afb;RCH177,RCH443
3532c3;AME3106,AME3102
3e854f;GAF955,GAF592,GAF559,GAF894,GAF949,GAF936
ae01df;RCH807,RCH831
406d26;AWC682,AWC883,AWC884,RRR2742,RRR2743,RRR2110,RRR2111,RRR2708,RRR2709,RRR2304,RRR2305,AWC804Y,AWC804,RRR2300,RRR2301,AWC291,RRR2302,RRR2303,AWC771,AWC772,AWC233,AWC234,AWC237,AWC238,RRR2724,RRR2725,AWC241,AWC242,RRR2146,RRR2147,RRR2138,RRR2139,AWC011,AWC012,RRR2112,RRR2113,TOM5MB,TOW2758,TOW2759,TVS2214,TVS2215,TOW2116,TOW2117,ART805,ART806,TOW2118,TOW2119,TOW2112,TOW2113,TOW2104,TOW2105,TOW2209,TOW2228,TOW2229,TOW2102,TOW2103,TOW2756,TOW2740,TOW2741,TOW2768,TOW2742,TOW2743,TOW2136,TOW2137,TOW2160,TOW2161,TOW2162,TOW2163,TOW2156,TOW2744,TOW2745
3ea556;GAF087
424837;VPCTM
3e8a3e;GAF003
45f42a;DAF8952,DAF3033,DAF4011,DAF4012,DAF5295
45f426;DAF002,DAF1519,DAF1228,DAF1838,DAF7303,DAF3032
44f682;BAF658,BAF640,BAF643,BAF635,BAF647,BAF654,BAF665,BAF660,BAF652
4b822d;TUAF110,TUAF917,TUAF400
3532c5;AME3160,AME3198,AME3100
ae04e5;RCH802
3f6f02;GAF419,GAF610,GAF643,GAF742,GAF048,GAF622,GAF553
ae0471;RCH894,RCH134
478116;NOW335N,NOW335A
353508;AME4516
ae047f;RCH803
ae015f;RCH951
35350a;AME4509
ae119a;RCH827,RCH837,RCH847,RCH809,RCH816,RCH137,RCH865,RCH814
ae29fe;CNV6616,CNV6626,CNV6606,CNV6601,CNV6603,CNV6615
449825;BAF84,BAF76,BAF75,BAF86,BAF82,BAF87,BAF74,BAF73
48d846;PLF033,PLF044,PLF048,PLF032
3b7731;CTM1750
ae0260;RCH826
3b7779;FAF4091,TOTAL99
ae0208;RCH811,RCH808
ae066a;
4b8228;TUAF402,TUAF368
3b7777;
4ca13e;IRL252,IRL253
ae04ed;RCH880
ae0149;RCH828,RCH818,RCH814
ae07f9;RCH575,RCH835,RCH817,RCH621,RCH617,RCH890,RCH610
ae0446;RCH400,RCH925
ae117c;RCH825,RCH831,RCH107,RCH885,RCH877,RCH367,RCH513,RCH145,RCH823,RCH870,RCH872,RCH824,RCH532,RCH564
ae29d6;RCH1032
ae038c;
43c06a;RRR5713,RRR5843,RRR9908
ae1178;RCH832,RCH822,RCH817,RCH604,RCH896,RCH378,RCH601,RCH898,RCH828,RCH815,RCH172,RCH3212,RCH324,RCH559,RCH335,RCH742,RCH3224,RCH229
43c0bf;RRR5803,RRR5810
3f61aa;GAFMED6,GAF357,GAF039,GAF036,GAF950
ae07dc;RCH227
ae0488;RCH830
3b772f;CTM1753,FNY5024,CTM1725
3b772e;CTM1751,CTM1750
48d845;PLF038,PLF280,PLF042,PLF043
3e826f;GAF416
4a8182;SVF852,SVF809
440860;OEEFL
3f49e6;GAF017,GAF168,GAF057,GAF191,GAF011,GAF412,GAF309,GAF307,GAF141,GAF423,GAF244,GAF728
adfd6f;CNV6402,CNV6111,CNV6413
3b77dc;FAF902
ae4d67;RCH818,RCH405,RCH897,RCH048,RCH190,RCH566,RCH442
3b77f8;CTM1291,CTM1294
ae037c;RCH843
ae0271;RCH830
39d012;FHUAS
ae0154;RCH844,RCH829
ae0140;RCH839,RCH854
ae048c;RCH805,RCH856
44f681;BAF683,BAF635,BAF660,BAF680,BAF637,BAF663,BAF653,BAF641,BAF638,BAF670,BAF662
ae0656;RCH847
ae064d;RCH857,NACHO71
ae04ca;RCH820,RCH660
ae0484;RCH817
ae036a;RCH809
ae021f;RCH895,RCH899,RCH834
44f683;BAF674,BAF636,BAF645,BAF642,BAF667,BAF644,BAF657,BAF665,BAF643
478114;NOW335A
ae638d;CNV6614
ae0693;
ae07ed;RCH616,RCH632,RCH838,RCH268,RCH561,RCH583,RCH743
ae010d;SAM199
ae07f3;RCH813,RCH146,RCH1815,RCH825,RCH875,RCH854,RCH3266,RCH465,RCH407,RCH175,RCH543,RCH867,RCH894,RCH160,RCH779,RCH876,RCH801
ae0507;RCH842
ae0131;RCH848,000000,RCH621
43c1ff;RRR5818
43c146;RRR1445,RRR1333,RRR1547,RRR1259,RRR1331,KRF81
ae058e;NACHO71,RCH144
498455;HANDY58,CEF806,CEF807,HANDY54,HANDY41,HANDY55
ae54cd;BADGR43
ae04da;CNV6601
ae01dc;RCH826
480c03;NAF27,NAF26,NAF37
adfe7f;
adfea9;
ae049d;
ae1279;AXIS13
ae0211;RCH860,RCH839,RCH325
3f80f9;GAF967
3fbb14;GAF965
ae07ec;RCH843,RCH857,RCH875,RCH684,RCH829,RCH241,RCH154,RCH1815,RCH417,RCH524,RCH746,RCH450,RCH401,RCH876
4b8206;TURAF11
ae29db;RCH681
3b76a4;CTM0005,CTM0008,CTM0006,CTM0009,CTM3800
43c10f;RRR5602,RRR5732,RRR5733,RRR5706,RRR5806,RRR5807,RRR5708,RRR5709
800796;
3ea93c;GAF640
ae04e1;ESSO75,RCH641
ae07ff;RCH718,RCH552,RCH801,RCH828,RCH653,RCH832,RCH302,RCH845,RCH741
4b7fd4;SUI025,SUI003,SUI009
48acab;SPLFL
ae4af4;RCH743
ae4af8;RCH777,RCH037,HKY620,HKY160,HKY662,HKY697,E10E2,HKY145,HKY151,LION438,HKY189,HKY762,HKY768,HKY765,HKY773,HKY787,HKY704,E10E3,HKY700
ae4afc;X,RCH037
ae0588;RCH802,RCH520
3ce39a;JKH324,DCNMO
ae0233;RCH809,RCH801,RCH853
ae07d2;RCH898
470d59;HAFBL
3b7722;CTM1751
3b772c;CTM1758
ae5e0c;RCH623
ae0215;RCH821,RCH868,RCH844
3f9309;GAF409
48d84b;PLF040,PLF034,PLF033,PLF042,PLF043,PLF048
ae5f96;RCH044
4984b5;SMGLR11,SMGLR12,SMGLR21,CEF05F,CEF647,CEF648,JGS03,JGS04,SMGLR22,SMGLR23,CEF658,CEF659,CEF661,CEF662,CEF666,SMGLR71,SMGLR41,SMGLR52,SMGLR51,SMGLR31,CEF676,SMGLR42,SMGLR43,CEF684,CEF686,CEF698,CEF690,CEF6004,CEF6005,CEF6001,CEF6013,CEF6014,CEF6015,CEF6023,CEF5031,CEF6025,SMGLR33,SMGLR34,CEF634,CEF635,CEF673,CEF674,SMGLR32,CEF6003,CEF6010,CEF08,CEF05K,CEF6029,SMGLR61,SMGLR62,CEF6038,CEF05C,CEF05B,CEF6050,SMGLR44,CEF6073,JGS06
ae0222;RCH850,RCH897
ae058f;RCH803,
ae0655;RCH825
adfd6d;CNV6310,CNV6328,CNV6316,CNV6415,CNV6304
ae0671;RCH805,RCH888
ae0377;RCH826,RCH592,LAGR652,
ae0391;RCH891
3e80a3;GAF221,GAF333
ae0502;RCH842,RCH824,RCH470,RCH149
1533fa;RFF9925
1533e2;RFF9926
1533e1;RFF9927
ae035e;RCH871
354555;AME4590,AME4508,AME4579
406d27;RRR2734,RRR2735,AWC651,AWC652,RRR2134,RRR2135,RRR2304,RRR2305,AWC541,AWC542,AWC874Y,AWC741,RRR2716,AWC75W,RRR2302,RRR2303,RRR2764,RRR2765,RRR2804,RRR2805,RRR2806,RRR2807,EXS92UR,EXS842,EXS28RT,EXS31CH,EXS1727,EXS28RY,EXS46Y,TOW2165
3b771a;CTM2013
3b776a;CTM2025
3b7732;CTM1765,CTM1722
aaaa21;GAFR71A
aaaa16;GAFR71B,GAFR71C
ae0650;RCH919
ae080c;RCH815,RCH258,RCH180,RCH416,RCH747
ae0689;RCH830
44f645;BAF317
ae0566;RCH803
3fae68;GAFR01A
341391;AME4508,AME4542
ae021e;RCH829,RCH661,RCH801,RCH852,RCH690
aae32e;RCH427
3b779c;CTM2024
3f7001;GAF608,GAF314,GAF621,GAF026
ae012f;RCH822,RCH811,RCH258,RCH420
ae07d9;RCH102
43c009;RRR5704,RRR5705,RRR4492
3b77e5;CTM1275,CTM0012,CTM0007,CTM0005,CTM0006,CTM0008
4a8188;SVF828,SVF826,SVF808,SVF818,SVF829
ae0221;RCH811,RCH800,RCH333,RCH803
3b75ec;CTM2022,CTM2081,CTM2086,CTM2084
3f91f5;GAFR71A
44f42b;BAF641
3ea69c;GAFR712
3ea653;GAF064,GAF414
ae07a8;RCH824,RCH108,LAGR454
ae04de;RCH551,GOLD23
48d856;PLF043
44f42c;BAF649
154076;RFF7257
43c099;RRR5706,RRR5707
ae0394;RCH784,RCH839
341390;AME4529,AME4515,AME4551
3542c4;AME4530,AME4597,AME4529,AME4559
ae29fd;CNV6628,CNV6622
ae023e;RCH816
3532c9;AME3140,AME3162,AME3168
4984b6;CEF654,CEF08,CEF05C,CEF01,SMGLR51,SMGLR31,SMGLR23,SMGLR53,SMGLR55,SMGLR71,CEF678,CEF692,CEF693,CEF699,CEF6006,JGS01,2500,SMGLR43,SMGLR11,SMGLR12,SMGLR21,SMGLR22,SMGLR32,SMGLR52,CEF530,SMGLR41,CEF642,CEF637,CEF117,CEF03,CEF653,CEF672,CEF679,CEF680,CEF690,CEF691,CEF05J,CEF05B,CEF6020,SMGLR70,SMGLR42,CEF6051,CEF6069,CEF05F,CEF6084,CEF102,CEF615,CEF616,CEF612
ae058c;RCH864
ae05a0;RCH872
154073;RFF8301,RFF8401
3f4d0c;GAF341
ae066b;RCH846
ae04b8;RCH847
15405e;RFF8304
ae03ea;CNV6512
ae0657;RCH848
3b77e6;CTM2030
ae035f;RCH831,RCH886
ae0823;RCH879,RCH808
ae0683;RCH877
ae04fc;RCH878
ae04c0;RCH881,
ae0668;RCH855
ae0569;RCH805,RCH871
ae022a;RCH839,RCH609,RCH804
3f8019;GAF304,GAF446,GAF063,LIFTR62
ae0216;RCH837,RCH881
ae07cf;RCH879,RCH671,RCH828,RCH688,RCH824
503fd3;LYF277,LYF262,LYF278,LYF261,LYF275
ae07e5;RCH818,RCH603,RCH151,RCH508,RCH794
c2b585;CFC4265
ae0212;RCH827,RCH613,RCH859
ae07e9;RCH651,RCH813,RCH858,RCH117,RCH554,RCH871,RCH793
ae0384;RCH168
ae023c;RCH342,RCH403,RCH327
ae0584;RCH820,RCH810,RCH833,RCH837
154c31;RFF7305
c2bf67;CFC0201,CFC0402,CFC0204
ae0586;RCH874,RCH521,RCH529
ae056d;RCH886,RCH821,RCH850,RCH316,RCH682,RCH430,RCH246
44f141;BAF241
3f7e60;GAFR71
ae07f7;RCH920,RCH818,RCH216,RCH877
ae0585;RCH613,RCH860,RCH817,RCH388,RCH880,RCH806,RCH850,RCH907,RCH602
c2c1f1;CFC3060,CFC3050,CFC3055
ae0583;RCH821,RCH876,RCH824
ae0223;RCH814,RCH802,RCH878
ae04c4;RCH108,LAGR798,LAGR225,LAGR242,LAGR220,LAGR223,LAGR222,LAGR240,LAGR343,HOBO20
ae07eb;RCH859
43c5ec;RRR4941,RRR4940,RRR4017,RRR4508,RRR4509,RRR4943,RRR4094,RRR4095
3b7765;CTM1529,CTM2047
4b7fde;SUI134
44f654;BAF318,GRFN03,GRFN05,GRFN07,GRFN10,GRFN02
3b7724;CTM1752
3b7728;CTM1755
48d854;PLF048,PLF044,PLF040,PLF033
adfe5a;HKY320
447d09;ASF11
3b76a1;CTM1407
ae056e;RCH921,RCH803,RCH830,RCH828,RCH864,RCH422
ae056b;RCH143,RCH841,RCH811,RCH801
3f9a92;GAF833,GAF856,OSY11T,GAF866,OSY11F
48d852;PLF040,PLF043,PLF048,PLF042
010074;EGY3305
ae1251;CNV6610,CNV6611,CNV6629,CNV6602,CNV6609
3b77fc;CTM1056
ae0266;RCH843
ae025f;RCH880,RCH809
ae07b0;RCH885,RCH847
ae07d8;RCH845
c2b55d;CFC2552,CFC2904,CFC2906,CFC2962,CFC2917,CFC2950,CFC2923,CFC2929,CFC2987,CFC2908,CFC2930,CFC2940,CFC2938,CFC2947,CFC2948,CFC2952,CFC2953,CFC2961,CFC2969,CFC2909
adfeba;SAM389,SAM590
c2b355;CFC3160,CFC4170,CFC4171,CFC4172,CFC4173,CFC3701,CFC4104,CFC4155
738a44;IAF346
43c17d;RRR5506,RRR5720,RRR5721
ae68ba;RCH1049
44f427;BAF649
3b77ff;CTM1310
3b77b9;CTM2008
43c39c;RRR7201,RRR7220,RRR7225,RRR7234,RRR7239,RRR7242,RRR7267,RRR7269,RRR7273,RRR7277,RRR7280,RRR7284,RRR7290,RRR7208,RRR7212,RRR7228,RRR7298,RRR7299,RRR7264,RRR7270,RRR7271,RRR7272,RRR7293,RRR7210,RRR7218,RRR7224,RRR7254,RRR7260,RRR7211
ae5e0e;RCH830
ae0265;RCH134,RCH550
43c6f9;KRF93R,RRR2820,RRR2821,RRR2182,RRR2183,RRR2120
ae220d;HKY794
3e88ab;GAF209
3b77f2;CTM1306
3b7544;CTM2034,CTM1074,CTM1077,CTM1076,CTM1075,CTM1073,CTM1071
c2b549;CFC2590,CFC2943,CFC2949,CFC2954,CFC2955,CFC2967,CFC2900
c2b599;CFC4403,CFC4448
0101a0;EGY2397
0101a9;EGY2398
ae07ab;RCH835,RCH850
ae0374;RCH897,RCH879
ae07b4;RCH838,
ae0475;RCH899
3b770d;CTM0002,CTM0009
ae04e9;RCH806
ae0320;RCH102
ae04c9;RCH816
c2b5b7;CFC4280
354556;AME4515,AME4562,AME4583,AME4574,AME4599
3f6931;GAF675,GAFMED2,GAF641,GAF697
ae0428;RCH155
ae0217;RCH815,RCH835
3b76ae;CTM0004
4a81f4;SVF630
3ce3d6;PAV928,PAV916,PAV903,PAV904,PAV914,PAV912,PAV913,PAV919,PAV921,PAV901,PAV902,PAV924,PAV926,PAV929,DCNOW
c2c1fb;CFC3705,CFC3060
ae1470;RCH259,RCH903,RCH3258,RCH228,RCH557,RCH380,RCH698,RCH778,RCH4183,RCH571,RCH339,RCH226,RCH674,RCH232,RCH141,RCH134,RCH777,BNDG150,RCH170,RCH892,RCH870,RCH151,RCH855,RCH831
c2b567;CFC2564
3f6c26;GAF608,GAF627
010024;EGY01
ae048b;RCH855
ae015d;RCH832
468111;HAF352B,HAF352A
3fb6b3;GAFN74A
ae047e;RCH847
ae0571;RCH817,RCH435
ae4e0d;HKY132,HKY162,HKY136,HKY165
48d982;PLF120,PLF101,PLF104,PLF101A
ae595e;RCH830
adfe7c;HKY151,HKY747,HKY112
adfded;HKY152,HKY746,HKY107,HKY108
adfe81;HKY153,HKY739,HKY158,HKY159,HKY144,HKY146,HKY182,HKY109
505f6a;2718,SQF2718,SQF102,SQF103
3f7708;GAFN01A
3f6682;GAF617,GAF626,GAF621,GAF627,GAF632,GAF643,GAF653,GAF654,GAF622,GAF623,GAF656
3532ca;AME3100,AME3174,AME3508
3b776e;CTM1521,CTM2052
3b75ed;CTM1525
3b776d;CTM1522,CTM2022,CTM2040
3b7767;CTM1523,CTM2058,CTM2036,CTM2021,CTM2073,CTM2050,CTM2039,CTM2046,CTM2038,CTM2083,CTM2033,CTM1234
3f4efe;GAF622,GAF634,GAF627,GAF617,GAF656
3f818d;GAFK31
3b7762;CTM1524,CTM1528,CTM1529,CTM1530,CTM2014,CTM2012,CTM2049,CTM2041,CTM2060
3f627e;GAFN03A,GAFN05
3532c2;AME3176
c2b5cb;CFC4226,CFC4225,CFC4215,CFC4488,CFC2927,CFC2903,CFC2915,CFC4291,CFC2942
c2b5ad;CFC4220,CFC4221,CFC4226
3532c4;AME3158
3b7771;CTM1527,CTM2087,CTM2042,CTM2043,CTM2046
3eb3e3;GAFN05
344341;AME0807
43c5e3;RRR4944,RRR4947,RRR4544,RRR4516,RRR4512,RRR4513,RRR4942,RRR4943,RRR4940,RRR4941
ae0171;RCH459
3b7764;CTM2063,CTM2038,CTM2050
48d981;PLF104,PLF101,PLF102
3b7780;TOTAL91,FAF4091
3f64f6;GAF143,GAF049,GAF680,GAF242,GAF494,GAF622
ae1440;RCH115
3b7729;CTM1762
ae3ffe;RCH837
3e865f;GAF610,GAF635,GAF617,GAF622,GAF621,GAF623,GAF634,GAF736,GAF600,GAF606,GAF053,GAF123
ae0361;RCH435
356341;AME4538,AME4534,AME4526
ae049c;RCH9517,ESSO76
43c38c;RRR7229,RRR7246,RRR7247,RRR7253,RRR7254,RRR7260,RRR7270,RRR7274,RRR7278,RRR7281,RRR7204,RRR7205,RRR7207,RRR7211,RRR7213,RRR7218,RRR7220,RRR7225,RRR7226,RRR7241,RRR7245,RRR7248,RRR7249,RRR7251,RRR7252,RRR7256,RRR7262,RRR7276,RRR7277,RRR7279,RRR7283,RRR7284,RRR7292,RRR7297,RRR7299,RRR7215,RRR7217,RRR7221,RRR7231,RRR7202,RRR7258,RRR7206
505f68;SQF2721,SQF101,SQF102,SQF103,SQF041,SQF031,SQF107,SQF106,SQF011,SQF013,SQF104
3b7772;CTM2002,CTM2003,CTM2035,CTM2075,CTM2053,CTM2073,CTM2025,CTM2039,CTM2028,CTM2029,CTM2067
ae0665;RCH818,
3b7769;CTM2038,CTM2018,CTM2014,CTM2059,CTM2043
44f684;BAF642,BAF643,BAF646,BAF647,BAF651,BAF656,BAF677,BAF639,BAF645,BAF640,BAF661,BAF664,BAF635
ae03e9;CNV6731
48d844;PLF032,PLF048,PLF042,PLF044,PLF043,PLF034
3b7546;CTM1537,CTM1561
44f686;BAF648,BAF653,BAF636,BAF637,BAF643,BAF638,BAF656,BAF635
4d03c1;NATO01,NATO07,NATO69,NATO11,NATO02,NATO40
3f5727;GAF087,GAF691,GAF474
adfe7a;HKY152,E10E2,HKY160,HKY181,HKY186
adfdea;HKY153,HKY160,HKY148,HKY183
3b75a7;VANT91,FAF4091,FAF4099
ae0160;RCH804,RCH813
ae0156;RCH859,RCH814
3542c3;AME4547,AME4555,AME4578
ae0487;RCH808,RCH850
ae0651;RCH857,RCH837
ae04d0;RCH866,RCH835
ae0159;RCH807
ae063f;RCH841,RCH836
ae54c7;RCH340
3b756a;FAF4099,CTM1077
3b7768;CTM2040,CTM2076,CTM2053,CTM2049,CTM2041,CTM2043,CTM2003,CTM2028
3b7735;CTM1751
3b9bb3;CTM1721
ae087e;SAM835
ae04e2;RCH870,RCH817
ae0148;RCH875
ae068c;RCH880
ae04b9;RCH885
3b7569;FAF4091,VANT99
48d82d;PLF112
3b75a8;VANT91,VALIANT9,FAF4091
ae0574;RCH222,RCH813,RCH142,RCH830
ae68bb;RCH1045,BAGGER3,SWASH30
3b77e7;CTM2087
adfe85;RCH159
adfe86;RCH217
3b75dd;FAF4091,FAF4099
ae05de;HKY763,HKY117,E10E3,HKY124
3b756b;FAF4091,CTM1079,CTM1073
48d855;PLF032,PLF048,PLF030,PLF033,PLF038
3f727c;GAF719,GAF623,GAF854,GAF317
ae05e1;HKY108,HKY116
3b7761;CTM2003,CTM2047,CTM2050,CTM1506,CTM1547,CTM2054,CTM2049,CTM2046,CTM2031,CTM2042,CTM2007
ae07d0;RCH662,RCH313,RCH823,RCH857
ae04b7;RCH117,CLEAN15,RCH220
ae038a;RCH562
adfe6c;HKY106,HKY121,HKY160,HKY122,HKY177
adfe61;HKY765,HKY115,E10E1,E10E2,HKY130,HKY785,HKY701,HKY181,HKY185,HKY168
010177;EGY2339,EGY2449
010166;EGY2340
ae4af9;RCH558
ae02d0;HKY635,HKY122
44f687;BAF640,BAF666,BAF642,BAF644
3b777a;FAF4099,FAF4091
470e6b;HAFLZ
3b776c;CTM2039,CTM2047,CTM2099
ae02c8;RCH101,HKY771,HKY160,HKY780,HKY643,HKY646,HKY787,HKY644,HKY158,HKY182,HKY159
ae02c9;RCH102,RCH101,HKY778,HKY773,HKY642,HKY647,HKY645,E10E2,HKY798,HKY179,HKY786
ae014a;RCH864
3b7716;CTM2051
ae015a;RCH835,RCH894
ae058b;RCH440,ESSO76
498454;HANDY62,CEF811
407d8f;KRF71,KRF17,KRF06,KRF35,KRF39,RRR1219
3b7545;CTM1536
ae1233;RCH247,RCH155,RCH551,RCH805,RCH225
3b76a8;CTM2031
44f685;BAF642,BAF655
ae041e;RCH832,RCH828
ae04c2;RCH881
ae6cf2;SAM332
4a8185;SVF823,SVF810
3b77d8;CTM0279
3b7766;CTM2014,CTM2024,CTM2050
48d821;PLF244
4984ae;CEF850
473c02;HUAF59,PUMA11
adfe69;HKY169,HKY195
43c198;RRR5710,RRR5711,RRR5712,RRR5713
3e80c0;GAF302
3b76a7;CTM2011
505f6f;SQF7639
3b7543;CTM1080,CTM1073
3b76ad;CTM2004,CTM2042
48d84c;PLF038,PLF048
c2b37d;CFC4384,CFC4386,CFC4387,CFC4389,CFC4356
ae020f;RCH656
48d828;PLF112
ae085a;RCH185
503d40;,LYFAS,TRA5146,TRA3H,TRA5044
adfdd7;,HKY135,E10E2
ae0474;,RCH897,RCH832
ae026f;,RCH855,RCH820
ae014b;,RCH875
48d896;,PLF652
3f89db;,GAF888
ae04cd;,RCH821
ae068e;,RCH834
3f55d7;,GAFE42
ae04b1;,RCH656
ae04f8;,RCH851,BLUE12
3e93a6;,GAFK31
46788b;,FNF287
48d8ac;,PLF653
ae07b9;,RCH162
3f5f0a;,GAFE41,GAFE42
ae4afa;,RCH313
ae1bef;,RCH540
4a8184;,SVF811
3532cd;,AME3132
3b7770;,CTM2041
ae5718;,CNV6609,CNV6611
ae037a;,RCH177,RCH410
ae07e8;,RCH827
44f107;,BAF491
3f43d7;,GAF731A
44f187;,BAF492
3e9c0d;,GAF731B
3b77de;,CTM2022,CTM2070,CTM2003
3f59f3;,GAF873,GAF875,GAF878,GAF853,GAF841,GAF863,GAF876,GAF893,GAF827,GAF861,GAF858
3f5407;,GAF866,GAF873,GAF858,GAF878,GAF936
3b7568;,CTM0030
ae4a60;,CNV6701,CNV6603,CNV6628
3b7760;,CTM2042
ae4e0a;,RCH427,RCH152,HKY160
ae03ed;,CNV6501
ae4e11;,HKY754,HKY716
3f79f9;GAF668
ae1237;,RCH845
ae5bc3;,RCH832
3b7527;CTM1291
ae0486;,RCH800
ae0385;,RCH818
ae0158;,RCH881
ae0420;,RCH841
3e8b02;,GAFMED1,GAF736,GAF567,GAF459,GAF343,GAF354,GAF172
3e80df;,GAF697,GAF944
3532cc;,AME3136,AME3144
3542c5;,AME4589
0101f5;EGY1942
3b77d7;,CTM2025,CTM2047
3f43d4;,GAF106
3b7739;,CTM1722,CTM1718
3b776f;,CTM2051,CTM2094,CTM2039,CTM2082
356342;,AME4542,AME4514
c2b53f;,CFC4246
ae04d8;,CNV6619
407d90;,RRR1110
3fb950;,GAF611
3432ce;,AME6017,AME6020
3b7542;,CTM1072,CTM1075,CTM1078
353344;,AME4035
ae03e2;CNV6505
010190;EGY2450
3b7624;,FAF6820
3b765a;,FAF6821
3b7634;,FAF6822
3b7668;,FAF6823
ae118a;PAT63
ae4e14;,RCH617
ae0674;,RCH650
ae63b8;,RCH185
43c5ee;,RRR4944,RRR4945,RRR4940,RRR4941
ae03e3;,CNV6520
ae0573;,RCH199
ae0477;,RCH843
ae0146;,RCH844
ae049e;,HKY696,HKY797
ae1534;,E10E1,HKY196,HKY602,HKY798
3b7710;CTM2061,CTM1242
3ea12c;,GAF949,GAF917,GAF939
3b775b;,CTM2035,CTM2042
3b5555;,CTM2021
3e91ee;,GAF937,GAF456,GAF208,GAF177,GAF147,GAF382
3ead63;GAF446,GAF564,GAF232
3b771b;CTM1240
3e8182;,GAF958
adfe84;,HKY718,HKY713
3e9bf7;,GAF414,GAF241
3f7588;,GAF547
503fd9;,LAF123,LYF02
ae07ad;,RCH411
ae0145;,RCH451
